player_id,position,league,tier,games,impact_raw,impact_z,impact_100
Faker,mid,LCK,1,144,0.1833,3.482,81.2
Gumayusi,bot,LCK,1,144,0.1833,3.482,81.2
Keria,sup,LCK,1,144,0.1833,3.482,81.2
Oner,jng,LCK,1,144,0.1833,3.482,81.2
Zeus,top,LCK,1,144,0.1833,3.482,81.2
Ruler,bot,LCK,1,107,0.1807,3.432,81.2
Eyla,sup,LCSA,2,108,0.177,3.361,81.2
Lehends,sup,LCK,1,107,0.1739,3.303,81.1
Peanut,jng,LCK,1,118,0.1732,3.29,81.1
Doran,top,LCK,1,108,0.1718,3.263,81.1
Chovy,mid,LCK,1,106,0.1672,3.175,81.0
Wei,jng,LPL,1,162,0.1559,2.961,80.8
GALA,bot,LPL,1,156,0.1553,2.95,80.8
Ming,sup,LPL,1,156,0.1553,2.95,80.8
Xiaohu,mid,LPL,1,156,0.1553,2.95,80.8
3XA,bot,LFL,2,101,0.155,2.944,80.8
Doss,sup,LFL,2,101,0.155,2.944,80.8
Eika,mid,LFL,2,101,0.155,2.944,80.8
Ragner,top,LFL,2,101,0.155,2.944,80.8
Yike,jng,LFL,2,101,0.155,2.944,80.8
Yagao,mid,LPL,1,135,0.1488,2.826,80.7
Sty1e,bot,VCS,2,88,0.1435,2.725,80.5
Haeri,mid,LCSA,2,109,0.1397,2.653,80.4
Kati,mid,VCS,2,89,0.1384,2.628,80.4
Kiaya,top,VCS,2,89,0.1384,2.628,80.4
Evi,top,LJL,2,75,0.1368,2.598,80.3
Harp,sup,LJL,2,77,0.1355,2.572,80.3
Steal,jng,LJL,2,77,0.1355,2.572,80.3
Yaharong,mid,LJL,2,77,0.1355,2.572,80.3
Yutapon,bot,LJL,2,77,0.1355,2.572,80.3
Monki,jng,LDL,2,107,0.1345,2.555,80.3
Szygenda,top,LFL,2,108,0.1337,2.538,80.2
Hope,bot,LPL,1,120,0.1331,2.528,80.2
Bie,sup,VCS,2,78,0.1327,2.519,80.2
Diplex,mid,LFL,2,110,0.1324,2.514,80.2
Jactroll,sup,LFL,2,110,0.1324,2.514,80.2
Jeskla,bot,LFL,2,110,0.1324,2.514,80.2
Skeanz,jng,LFL,2,110,0.1324,2.514,80.2
JackeyLove,bot,LPL,1,128,0.1323,2.511,80.2
Knight,mid,LPL,1,128,0.1323,2.511,80.2
Solokill,top,LDL,2,110,0.1321,2.508,80.2
Mark,sup,LPL,1,115,0.1317,2.501,80.1
Nothing,bot,LMF,2,67,0.1316,2.499,80.1
TopLop,mid,LMF,2,67,0.1316,2.499,80.1
369,top,LPL,1,121,0.1315,2.496,80.1
Kanavi,jng,LPL,1,121,0.1315,2.496,80.1
MISSING,sup,LPL,1,121,0.1315,2.496,80.1
Bradley,top,LCSA,2,114,0.1308,2.484,80.1
Ruby,mid,PRM,2,86,0.1291,2.452,80.0
iBo,top,EUM,2,104,0.129,2.449,80.0
Levi,jng,VCS,2,87,0.1283,2.437,80.0
Armao,jng,LCSA,2,113,0.1264,2.399,79.9
Wayward,top,LPL,1,112,0.1255,2.382,79.9
Yeon,bot,LCSA,2,115,0.1255,2.383,79.9
Emp,mid,LHE,2,59,0.1254,2.38,79.9
Feitan,sup,LHE,2,59,0.1254,2.38,79.9
Viciun,bot,LHE,2,59,0.1254,2.38,79.9
Mataz,jng,DDH,2,71,0.1235,2.344,79.8
Kindless,bot,LMF,2,70,0.1228,2.331,79.8
Xiamu,sup,LDL,2,116,0.1224,2.323,79.7
can,jng,LDL,2,74,0.121,2.296,79.7
Cyku,mid,LDL,2,67,0.1207,2.292,79.7
Mir,jng,LCO,2,64,0.1199,2.276,79.6
Raes,bot,LCO,2,64,0.1199,2.276,79.6
Tally,mid,LCO,2,64,0.1199,2.276,79.6
Topoon,top,LCO,2,64,0.1199,2.276,79.6
Tian,jng,LPL,1,117,0.1198,2.275,79.6
Fanatiik,jng,PGC,2,77,0.1184,2.248,79.5
Sniper,top,PGC,2,77,0.1184,2.248,79.5
pinz,mid,LDL,2,79,0.1178,2.236,79.5
NerzhuL,sup,DDH,2,63,0.1172,2.225,79.5
Nite,mid,UL,2,77,0.1167,2.215,79.4
Leave,bot,LDL,2,118,0.1142,2.168,79.3
Zelt,mid,GL,2,49,0.1142,2.168,79.3
Dream,mid,LDL,2,94,0.1136,2.156,79.3
Sheo,jng,LFL,2,95,0.112,2.126,79.2
Crownie,bot,LFL,2,93,0.1117,2.12,79.1
ppgod,sup,LPL,1,99,0.111,2.108,79.1
Thayger,jng,NEXO,2,56,0.1106,2.098,79.1
Rich,top,LPL,1,96,0.1096,2.081,79.0
Tempt,mid,NLC,2,78,0.1086,2.06,78.9
Photic,bot,LPL,1,102,0.1077,2.044,78.9
Lucker,bot,UL,2,79,0.1076,2.043,78.9
Rabble,jng,UL,2,79,0.1076,2.043,78.9
Sinmivak,top,UL,2,79,0.1076,2.043,78.9
Kellin,sup,LCK,1,112,0.1075,2.04,78.9
Lurox,jng,PRM,2,89,0.1075,2.041,78.9
Juliera,bot,CBLOLA,2,50,0.1073,2.037,78.9
Backlund,mid,NLC,2,84,0.1072,2.035,78.8
Enga,mid,LMF,2,58,0.1065,2.021,78.8
Izaenk,top,LMF,2,58,0.1065,2.021,78.8
Kasing,sup,NLC,2,79,0.1034,1.962,78.6
Kartis,top,LDL,2,124,0.103,1.956,78.5
QQMore,sup,LMF,2,57,0.1019,1.934,78.4
Davo,sup,VL,2,47,0.1012,1.92,78.4
Kerberos,top,NLC,2,84,0.1012,1.921,78.4
Xpontaneous,bot,VL,2,47,0.1012,1.92,78.4
Destroy,top,DDH,2,37,0.1011,1.918,78.4
Rainbow,mid,DDH,2,37,0.1011,1.918,78.4
Limitationss,bot,DDH,2,58,0.101,1.918,78.4
Darshan,top,LCSA,2,93,0.0996,1.889,78.2
Medzz,mid,LDL,2,115,0.0996,1.89,78.2
XinMo,sup,LDL,2,115,0.0996,1.89,78.2
Lyonz,sup,LMF,2,60,0.0992,1.882,78.2
Kerfa,top,VL,2,46,0.0991,1.881,78.2
Insanity,mid,LCSA,2,82,0.0988,1.876,78.2
Xiaguang,bot,LDL,2,110,0.0979,1.858,78.1
Rise,bot,LDL,2,86,0.0973,1.846,78.0
Bin,top,LPL,1,140,0.0964,1.83,78.0
Pancake,jng,LMF,2,49,0.0963,1.827,78.0
Myths,top,LDL,2,85,0.0962,1.825,77.9
113,jng,LFL,2,86,0.096,1.821,77.9
Qats,mid,CBLOLA,2,40,0.0953,1.808,77.9
Jaeger,top,PRM,2,86,0.0947,1.798,77.8
KennyChan,jng,LDL,2,109,0.0947,1.796,77.8
Lyncas,jng,NLC,2,78,0.0941,1.785,77.7
SAKEN,mid,LFL,2,87,0.0934,1.772,77.7
Chordy,mid,LMF,2,58,0.0933,1.771,77.7
Impact,top,LCS,1,123,0.0933,1.77,77.7
Inspired,jng,LCS,1,123,0.0933,1.77,77.7
Jojopyun,mid,LCS,1,123,0.0933,1.77,77.7
Vulcan,sup,LCS,1,123,0.0933,1.77,77.7
Canyon,jng,LCK,1,117,0.093,1.765,77.6
ShowMaker,mid,LCK,1,117,0.093,1.765,77.6
deokdam,bot,LCK,1,117,0.093,1.765,77.6
Viking,jng,NLC,2,67,0.0928,1.761,77.6
Lens,bot,PGC,2,50,0.0926,1.758,77.6
Jwei,sup,LDL,2,88,0.0901,1.71,77.3
Cabochard,bot,LFL,2,88,0.0898,1.704,77.3
Hantera,sup,LFL,2,88,0.0898,1.704,77.3
Hobbler,mid,GL,2,48,0.0895,1.698,77.3
Meiko,sup,LPL,1,119,0.0892,1.692,77.2
Scout,mid,LPL,1,119,0.0892,1.692,77.2
Viper,bot,LPL,1,119,0.0892,1.692,77.2
Hanabi,top,PCS,2,85,0.0886,1.681,77.2
Madblade,sup,EL,2,42,0.0884,1.677,77.2
Putin,top,EL,2,42,0.0884,1.677,77.2
Renyu,bot,EL,2,42,0.0884,1.677,77.2
Xuradel,mid,EL,2,42,0.0884,1.677,77.2
Danny,bot,LCS,1,102,0.0882,1.674,77.1
xiaocaobao,mid,LDL,2,93,0.0882,1.674,77.1
Keii,top,GL,2,47,0.0881,1.671,77.1
SkyBart,top,CBLOLA,2,55,0.0881,1.672,77.1
Enty,sup,LJL,2,66,0.0871,1.652,77.0
Jett,mid,LJL,2,66,0.0871,1.652,77.0
Once,jng,LJL,2,66,0.0871,1.652,77.0
Paz,top,LJL,2,66,0.0871,1.652,77.0
Kepler,bot,LDL,2,84,0.0869,1.649,77.0
Winsome,sup,PRM,2,64,0.0869,1.65,77.0
Ichiwin,sup,GL,2,32,0.0868,1.647,77.0
BrokenBlade,top,LEC,1,89,0.086,1.633,76.9
Caps,mid,LEC,1,89,0.086,1.633,76.9
Flakked,bot,LEC,1,89,0.086,1.633,76.9
Jankos,jng,LEC,1,89,0.086,1.633,76.9
Targamas,sup,LEC,1,89,0.086,1.633,76.9
Ethe,top,NEXO,2,49,0.0855,1.622,76.8
Cboi,jng,NLC,2,73,0.0851,1.615,76.8
Hans Sama,bot,LCS,1,79,0.0846,1.606,76.7
Piqueos,mid,DDH,2,57,0.0846,1.605,76.7
Koala,sup,PCS,2,72,0.0839,1.591,76.6
Santorin,jng,LCS,1,81,0.0838,1.589,76.6
Qing,mid,LDL,2,96,0.0832,1.579,76.6
Ganks,jng,EL,2,40,0.0831,1.576,76.5
Shadow,sup,LMF,2,62,0.082,1.555,76.4
Kaiwing,sup,PCS,2,87,0.0817,1.55,76.4
Unified,bot,PCS,2,87,0.0817,1.55,76.4
Lele,sup,LDL,2,124,0.0815,1.546,76.3
Seeker,top,LMF,2,57,0.0813,1.542,76.3
Jun,sup,LCKC,2,54,0.0812,1.54,76.3
Bafang,sup,LDL,2,93,0.0811,1.538,76.3
ProDelta,sup,CBLOLA,2,53,0.0808,1.533,76.2
Invincible,top,LDL,2,82,0.0806,1.529,76.2
Breathe,top,LPL,1,134,0.0795,1.508,76.1
Bwipo,top,LCS,1,80,0.0793,1.504,76.0
Dal,top,LAS,2,56,0.0781,1.482,75.9
Smash,bot,LAS,2,56,0.0781,1.482,75.9
Acerola,jng,EL,2,41,0.0778,1.475,75.8
Accez,jng,CBLOLA,2,53,0.0777,1.473,75.8
Gemini,jng,PCS,2,75,0.0777,1.473,75.8
Mission,mid,PCS,2,75,0.0777,1.473,75.8
Rest,top,PCS,2,75,0.0777,1.473,75.8
DizL,bot,LFL2,2,64,0.077,1.46,75.7
JDG,top,LFL2,2,64,0.077,1.46,75.7
Noltey,jng,LFL2,2,64,0.077,1.46,75.7
Roison,mid,LFL2,2,64,0.077,1.46,75.7
Daglas,jng,GLL,2,56,0.0765,1.451,75.7
k1ng,bot,LCSA,2,90,0.0765,1.452,75.7
SeTab,mid,LCKC,2,66,0.0762,1.445,75.6
Copy,mid,LCSA,2,97,0.0761,1.442,75.6
BMFX,bot,LCSA,2,67,0.0757,1.437,75.5
Buggax,top,LMF,2,56,0.0755,1.432,75.5
Peach,jng,LCKC,2,40,0.0754,1.431,75.5
Calmsky,sup,LPLOL,2,75,0.0747,1.416,75.4
DuaLL,sup,NLC,2,86,0.0747,1.417,75.4
Own3r,jng,LPLOL,2,75,0.0747,1.416,75.4
Jerry,sup,LDL,2,66,0.0744,1.41,75.3
EMENES,mid,NLC,2,36,0.0743,1.409,75.3
Zoelys,sup,LFL2,2,62,0.0741,1.405,75.3
JimieN,mid,LCSA,2,117,0.0721,1.366,75.0
Brayaron,top,LHE,2,30,0.0715,1.356,74.9
donbray,sup,PGC,2,45,0.0713,1.351,74.9
Bucket,sup,SL (LATAM),2,39,0.0708,1.342,74.8
Rookie,mid,LPL,1,85,0.0708,1.343,74.8
Shunn,bot,PCS,2,55,0.0708,1.343,74.8
Bjergsen,mid,LCS,1,85,0.0704,1.336,74.7
Rekkles,bot,LFL,2,75,0.0702,1.332,74.7
IgnaVilu,sup,LMF,2,69,0.0701,1.329,74.7
Clear,top,LCKC,2,86,0.0695,1.317,74.6
Flandre,top,LPL,1,107,0.0695,1.318,74.6
pzx,jng,LDL,2,75,0.0692,1.312,74.5
Busio,sup,LCSA,2,103,0.0689,1.306,74.5
Aladoric,sup,LCO,2,33,0.0686,1.3,74.4
Bolulu,mid,TCL,2,45,0.0684,1.297,74.4
huanfeng,bot,LPL,1,111,0.0681,1.292,74.3
Brance,bot,CBLOL,2,65,0.0678,1.285,74.3
Shiganari,bot,PRM,2,41,0.0678,1.285,74.3
NOMA,mid,LPLOL,2,73,0.0676,1.281,74.2
Demy,bot,DDH,2,66,0.0675,1.279,74.2
Leon,sup,UL,2,24,0.0675,1.28,74.2
Mayhem,top,DDH,2,66,0.0675,1.279,74.2
Zerkxz,mid,DDH,2,66,0.0675,1.279,74.2
Sword,sup,PGC,2,74,0.0672,1.274,74.2
winnie,jng,PGC,2,95,0.0665,1.262,74.1
Porsche,top,UPL,2,75,0.0664,1.259,74.0
Dhokla,top,LCSA,2,82,0.066,1.25,74.0
Dreamer Ace,sup,PRM,2,61,0.066,1.251,74.0
Farfetch,sup,TCL,2,63,0.0657,1.245,73.9
Ferret,jng,TCL,2,63,0.0657,1.245,73.9
HolyPhoenix,bot,TCL,2,63,0.0657,1.245,73.9
Serin,mid,TCL,2,63,0.0657,1.245,73.9
StarScreen,top,TCL,2,63,0.0657,1.245,73.9
Berserker,bot,LCS,1,65,0.0651,1.234,73.8
Pleata,bot,LCKC,2,85,0.0648,1.229,73.8
Stend,sup,NLC,2,75,0.0648,1.229,73.8
Camilo,jng,LHE,2,45,0.0647,1.227,73.7
Rhuckz,sup,LVP SL,2,61,0.0646,1.224,73.7
TolanD,mid,LCKC,2,90,0.0646,1.224,73.7
Haoye,jng,LDL,2,101,0.0635,1.204,73.5
adi1,jng,UL,2,45,0.0634,1.201,73.5
Amazo,jng,LCSA,2,89,0.0632,1.199,73.5
Duoking1,bot,PGC,2,102,0.0626,1.187,73.4
Juhan,jng,PCS,2,64,0.0621,1.178,73.3
Scarface,top,PRM,2,64,0.0619,1.174,73.2
Karsa,jng,LPL,1,76,0.0617,1.169,73.2
Comp,bot,LEC,1,73,0.0614,1.165,73.1
Larssen,mid,LEC,1,73,0.0614,1.165,73.1
Malrang,jng,LEC,1,73,0.0614,1.165,73.1
Odoamne,top,LEC,1,73,0.0614,1.165,73.1
Trymbi,sup,LEC,1,73,0.0614,1.165,73.1
Minous,sup,LAS,2,37,0.0612,1.16,73.1
costy,bot,LPLOL,2,72,0.0611,1.158,73.1
Fleshy,sup,TCL,2,45,0.0609,1.155,73.0
Maggie,jng,LDL,2,98,0.0605,1.147,72.9
CptShrimps,mid,PGC,2,72,0.0602,1.141,72.9
Sunblast,top,LMF,2,64,0.0595,1.127,72.7
Insulator,mid,LDL,2,93,0.0594,1.125,72.7
Shaoye,bot,LDL,2,78,0.0593,1.124,72.7
Shieldworm,mid,VL,2,49,0.0593,1.124,72.7
iFrix,jng,VL,2,49,0.0593,1.124,72.7
Forest,jng,LCKC,2,91,0.0591,1.12,72.7
Kartana,jng,LHE,2,30,0.0591,1.12,72.7
Photon,top,LCKC,2,91,0.0591,1.12,72.7
Tierwulf,jng,LHE,2,67,0.0591,1.12,72.7
Trigger,bot,LCKC,2,91,0.0591,1.12,72.7
sanghyeon,sup,LCKC,2,91,0.0591,1.12,72.7
Acce,top,LLA,2,57,0.0589,1.117,72.6
Tony Top,top,LCSA,2,94,0.0589,1.117,72.6
DARKWINGS,mid,LCSA,2,87,0.0582,1.104,72.5
Ceviche,sup,SL (LATAM),2,51,0.0572,1.084,72.3
Scenari0,bot,SL (LATAM),2,51,0.0572,1.084,72.3
Shall,jng,SL (LATAM),2,51,0.0572,1.084,72.3
Akunma,top,LMF,2,61,0.057,1.079,72.2
Ocean,jng,LMF,2,61,0.057,1.079,72.2
TomnaM,bot,LMF,2,61,0.057,1.079,72.2
Arven,mid,NEXO,2,27,0.0569,1.078,72.2
Nash1c,bot,NEXO,2,27,0.0569,1.078,72.2
Ninten,sup,NEXO,2,27,0.0569,1.078,72.2
VicLa,mid,LCK,1,84,0.0564,1.069,72.1
Krim,bot,LMF,2,45,0.0562,1.064,72.1
wind,sup,LDL,2,74,0.0562,1.064,72.1
Reeker,mid,LFL,2,71,0.056,1.061,72.0
Akabane,jng,LFL,2,73,0.0558,1.057,72.0
Czekolad,mid,LFL,2,73,0.0558,1.057,72.0
Innaxe,bot,LFL,2,73,0.0558,1.057,72.0
JuanDeDios,top,SL (LATAM),2,58,0.0558,1.058,72.0
Melonik,top,LFL,2,73,0.0558,1.057,72.0
kamilius,sup,LFL,2,73,0.0558,1.057,72.0
Rahab,top,LHE,2,56,0.0552,1.046,71.8
Jackspektra,bot,LVP SL,2,79,0.0549,1.04,71.8
Zwyroo,mid,LVP SL,2,79,0.0549,1.04,71.8
bluerzor,jng,LVP SL,2,79,0.0549,1.04,71.8
whiteinn,sup,LVP SL,2,79,0.0549,1.04,71.8
selenex,top,NEXO,2,60,0.0548,1.038,71.8
ISMA,jng,PRM,2,55,0.0547,1.036,71.7
Bong,top,TCL,2,22,0.0544,1.03,71.7
Ellam,bot,TCL,2,40,0.0544,1.031,71.7
Van1,jng,LAS,2,39,0.0542,1.028,71.6
UnicornG,jng,GL,2,24,0.0541,1.026,71.6
KinGi,jng,LMF,2,53,0.054,1.024,71.6
Manster,sup,NEXO,2,52,0.0537,1.017,71.5
Baca,mid,LVP SL,2,59,0.0535,1.014,71.5
Bean,bot,LVP SL,2,59,0.0535,1.014,71.5
Deft,bot,LCK,1,130,0.0535,1.014,71.5
Furuy,mid,NLC,2,81,0.0535,1.013,71.5
MAXI,jng,LVP SL,2,59,0.0535,1.014,71.5
Oscarinin,top,LVP SL,2,59,0.0535,1.014,71.5
Shikari,top,NLC,2,81,0.0535,1.013,71.5
Isles,sup,LCSA,2,51,0.0533,1.01,71.4
ON,sup,LPL,1,100,0.0533,1.011,71.4
Garvey,top,LDL,2,78,0.0532,1.007,71.4
Haru,jng,NLC,2,55,0.0531,1.005,71.4
JayJ,sup,LCSA,2,95,0.053,1.004,71.4
Bugi,jng,LLA,2,26,0.0528,1.0,71.3
Mireu,mid,LLA,2,26,0.0528,1.0,71.3
Velja,jng,ESLOL,2,35,0.0526,0.997,71.3
Hery,top,LDL,2,67,0.0524,0.993,71.2
Eren,mid,HM,2,58,0.0522,0.989,71.2
Khantos,bot,HM,2,58,0.0522,0.989,71.2
RAMES,jng,HM,2,58,0.0522,0.989,71.2
Robocop,top,HM,2,58,0.0522,0.989,71.2
denyk,sup,HM,2,58,0.0522,0.989,71.2
Nobody,mid,LMF,2,37,0.0517,0.979,71.1
Nottingham,sup,LMF,2,58,0.0517,0.979,71.1
Jiejie,jng,LPL,1,102,0.0515,0.975,71.0
Shogo,bot,UPL,2,36,0.0515,0.975,71.0
Dragku,sup,LCO,2,31,0.0514,0.973,71.0
Nuguri,top,LCK,1,57,0.0511,0.968,70.9
Will,jng,LCSA,2,55,0.0509,0.964,70.9
Erdote,sup,LFL,2,92,0.0508,0.962,70.9
Ssumday,top,LCS,1,75,0.0507,0.961,70.8
Humanoid,mid,LEC,1,76,0.0505,0.957,70.8
Razork,jng,LEC,1,76,0.0505,0.957,70.8
Upset,bot,LEC,1,76,0.0505,0.957,70.8
Wunder,top,LEC,1,76,0.0505,0.957,70.8
Airawn,jng,UPL,2,30,0.0504,0.955,70.8
KreshtDoo,bot,LHE,2,71,0.0503,0.952,70.7
Kryzpo,top,LHE,2,71,0.0503,0.952,70.7
Neadz,mid,LHE,2,71,0.0503,0.952,70.7
Woohee,sup,LHE,2,71,0.0503,0.952,70.7
zamulek,bot,LVP SL,2,62,0.0496,0.939,70.6
Wilson,jng,PGC,2,102,0.0495,0.938,70.6
yekai,jng,LDL,2,56,0.0495,0.938,70.6
Xiao17,jng,LDL,2,44,0.0492,0.933,70.5
Calix,mid,LAS,2,66,0.0491,0.93,70.5
Hook,jng,LDL,2,43,0.0491,0.93,70.5
Luon,sup,LAS,2,66,0.0491,0.93,70.5
Empyros,top,GLL,2,66,0.0487,0.922,70.4
Ryoma,mid,LCSA,2,96,0.0484,0.917,70.3
Lucid,jng,LCKC,2,94,0.0483,0.914,70.3
Pullbae,mid,LCKC,2,94,0.0483,0.914,70.3
Rahel,bot,LCKC,2,94,0.0483,0.914,70.3
Thanatos,top,LCKC,2,94,0.0483,0.914,70.3
Heng,jng,LDL,2,78,0.0478,0.905,70.1
VirusFx,bot,DDH,2,36,0.0477,0.903,70.1
Jiwoo,bot,LCKC,2,91,0.0476,0.901,70.1
Honey,bot,LJL,2,38,0.0473,0.895,70.0
Blaber,jng,LCS,1,78,0.0472,0.893,70.0
Fudge,top,LCS,1,78,0.0472,0.893,70.0
Mun,sup,DDH,2,27,0.047,0.891,70.0
Heroic,mid,LPLOL,2,68,0.0469,0.889,69.9
Bible,sup,LCKC,2,87,0.0464,0.878,69.8
361efe,jng,TAL,2,26,0.0463,0.877,69.8
Breezy,sup,LCSA,2,92,0.046,0.87,69.7
Click,sup,PGN,2,54,0.046,0.872,69.7
HAWHAW,mid,PGN,2,54,0.046,0.872,69.7
Rharesh,bot,PGN,2,54,0.046,0.872,69.7
XLB,jng,LPL,1,26,0.046,0.871,69.7
forse,mid,LDL,2,83,0.0456,0.863,69.6
Tenacity,top,LCSA,2,56,0.0452,0.856,69.5
BeryL,sup,LCK,1,130,0.0451,0.854,69.5
Kingen,top,LCK,1,130,0.0451,0.854,69.5
Malice,jng,LCSA,2,39,0.0451,0.854,69.5
Zeka,mid,LCK,1,130,0.0451,0.854,69.5
Abbedagge,mid,LCS,1,76,0.045,0.853,69.5
Closer,jng,LCS,1,76,0.045,0.853,69.5
FBI,bot,LCS,1,76,0.045,0.853,69.5
HARPOON,bot,UL,2,85,0.045,0.852,69.4
huhi,sup,LCS,1,76,0.045,0.853,69.5
marlon,sup,UL,2,85,0.045,0.852,69.4
Burdol,top,LCK,1,51,0.0448,0.848,69.4
Nayuki,top,LDL,2,72,0.0448,0.848,69.4
Zven,sup,LCS,1,48,0.0448,0.849,69.4
Ichikawa,bot,EL,2,33,0.0447,0.846,69.4
XuanLv,bot,LDL,2,32,0.0444,0.84,69.3
links,bot,PGC,2,69,0.0441,0.836,69.2
Chasy,top,NLC,2,43,0.044,0.833,69.2
Bay,mid,PCS,2,52,0.0439,0.83,69.2
EU Red,bot,UPL,2,26,0.0438,0.829,69.1
DenVoksne,bot,NLC,2,75,0.0434,0.822,69.0
Poss,top,VCS,2,34,0.0432,0.817,69.0
Decade,top,LDL,2,46,0.0429,0.813,68.9
IceBreaker,top,GLL,2,45,0.0422,0.799,68.7
Odi11,bot,NLC,2,68,0.0422,0.798,68.7
Candy,jng,DDH,2,32,0.0419,0.792,68.6
Angel,mid,LPL,1,93,0.0417,0.789,68.6
SofM,jng,LPL,1,93,0.0417,0.789,68.6
TheShy,top,LPL,1,93,0.0417,0.789,68.6
Xico,mid,LFL,2,79,0.0415,0.786,68.5
Reptile,bot,PRM,2,52,0.0411,0.779,68.4
Kbstible,sup,LMF,2,42,0.0408,0.773,68.4
TuT,bot,LDL,2,79,0.0407,0.77,68.3
Fade,mid,TAL,2,24,0.0406,0.768,68.3
Follow,jng,LMF,2,49,0.0406,0.769,68.3
Kaido,jng,PGC,2,72,0.0406,0.769,68.3
Wixxi,bot,LCSA,2,101,0.0406,0.769,68.3
Emets,bot,LHE,2,56,0.0399,0.755,68.1
Ceos,sup,CBLOL,2,61,0.0396,0.75,68.0
Robo,top,CBLOL,2,61,0.0396,0.75,68.0
Tracyn,top,UL,2,67,0.0396,0.749,68.0
many,mid,UL,2,67,0.0396,0.749,68.0
minemaciek,sup,UL,2,67,0.0396,0.749,68.0
svns,bot,UL,2,67,0.0396,0.749,68.0
tinowns,mid,CBLOL,2,61,0.0396,0.75,68.0
Hylissang,sup,LEC,1,74,0.0395,0.747,68.0
Abner,bot,NEXO,2,31,0.0394,0.745,68.0
Crecre,sup,DDH,2,52,0.0392,0.742,67.9
Hiro02,top,VCS,2,83,0.0392,0.741,67.9
RoseThorn,jng,LCSA,2,76,0.0392,0.741,67.9
Aegis,jng,CBLOL,2,77,0.0391,0.74,67.9
CoreJJ,sup,LCS,1,64,0.0391,0.741,67.9
Decay,mid,PRM,2,72,0.0391,0.74,67.9
TakeSet,bot,PRM,2,72,0.0391,0.74,67.9
TitaN,bot,CBLOL,2,77,0.0391,0.74,67.9
Beichuan,jng,LPL,1,96,0.039,0.738,67.9
existence,top,PGC,2,68,0.0389,0.736,67.8
Guertas,jng,ESLOL,2,80,0.0386,0.731,67.7
Moopz,sup,ESLOL,2,80,0.0386,0.731,67.7
Nazgul,top,ESLOL,2,26,0.0386,0.729,67.7
Robba,top,ESLOL,2,80,0.0386,0.731,67.7
RobbyBob,mid,UPL,2,67,0.0384,0.726,67.7
Savero,jng,HM,2,45,0.0384,0.726,67.7
Smarty,sup,HM,2,45,0.0384,0.726,67.7
Nishkyu,mid,VL,2,44,0.0382,0.722,67.6
yawang,sup,LDL,2,40,0.0382,0.722,67.6
Nipphu,top,DDH,2,59,0.0381,0.721,67.6
Ale,top,LPL,1,101,0.0378,0.715,67.5
Burry,jng,PCS,2,35,0.0378,0.716,67.5
Prince,mid,LCK,1,62,0.0376,0.712,67.5
Aytekn,top,TAL,2,46,0.037,0.7,67.3
DANKI,top,GLLPA,2,26,0.037,0.699,67.3
QKI,mid,GLLPA,2,26,0.037,0.699,67.3
Xingye,bot,LDL,2,79,0.037,0.699,67.3
Noah,bot,LCKC,2,83,0.0368,0.696,67.2
OddEye,bot,LAS,2,32,0.0368,0.696,67.2
Joo,sup,LPLOL,2,70,0.0367,0.694,67.2
Time,jng,LPLOL,2,70,0.0367,0.694,67.2
xDrop,bot,LPLOL,2,70,0.0367,0.694,67.2
Test Mid,mid,LAS,2,22,0.0366,0.691,67.2
JoJo,sup,CBLOL,2,76,0.0362,0.684,67.1
Summit,top,LPL,1,60,0.0362,0.685,67.1
Poby,mid,LAS,2,35,0.0361,0.683,67.0
Grevthar,mid,CBLOL,2,65,0.036,0.681,67.0
Lindgarde,bot,PGN,2,60,0.036,0.68,67.0
Andathy,jng,EL,2,34,0.0359,0.679,67.0
Curl,top,LPLOL,2,39,0.0354,0.669,66.8
Deadly,bot,LVP SL,2,68,0.0354,0.67,66.8
Dreedy,top,LVP SL,2,68,0.0354,0.67,66.8
Duivel,sup,LHE,2,59,0.0354,0.67,66.8
twohoyrz,mid,LVP SL,2,68,0.0354,0.67,66.8
Thesnake,bot,LDL,2,42,0.0352,0.667,66.8
BalKhan,jng,LCO,2,69,0.035,0.663,66.7
DONGGY,top,LCO,2,69,0.035,0.663,66.7
Jakoule,top,LPLOL,2,40,0.035,0.661,66.7
Praedyth,bot,LCO,2,69,0.035,0.663,66.7
Vladi,mid,GLL,2,48,0.035,0.661,66.7
Dan,jng,NLC,2,70,0.0341,0.645,66.4
Doinb,mid,LPL,1,113,0.0341,0.644,66.4
GOLDENTO4ST,bot,EBL,2,66,0.0341,0.646,66.5
Kryze,top,NLC,2,70,0.0341,0.645,66.4
Light,bot,LPL,1,113,0.0341,0.644,66.4
Tarzan,jng,LPL,1,113,0.0341,0.644,66.4
Zoiren,mid,LFL2,2,43,0.034,0.642,66.4
Artifact,mid,VCS,2,84,0.0339,0.641,66.4
Eddie,bot,VCS,2,84,0.0339,0.641,66.4
XuHao,sup,VCS,2,84,0.0339,0.641,66.4
EpicReaper,sup,DDH,2,27,0.0337,0.637,66.3
Doxa,mid,PGC,2,86,0.0335,0.633,66.3
iLEVI,sup,GLL,2,57,0.0334,0.632,66.2
Sheiden,jng,LCSA,2,50,0.0333,0.63,66.2
Dom1nant,mid,GLL,2,34,0.0324,0.613,66.0
Bananitoo,bot,GLL,2,38,0.0322,0.609,65.9
Carim,jng,LAS,2,34,0.0322,0.608,65.9
Mihile,top,LAS,2,31,0.0322,0.609,65.9
Rosielove,sup,LDL,2,24,0.0322,0.609,65.9
Cryscata,bot,PCS,2,62,0.0319,0.602,65.8
Gori,mid,PCS,2,64,0.0319,0.603,65.8
Hana,jng,PCS,2,62,0.0319,0.602,65.8
Keel,sup,PGC,2,63,0.0319,0.604,65.8
Leaky,top,PCS,2,62,0.0319,0.602,65.8
Nestea,mid,PCS,2,62,0.0319,0.602,65.8
Woody,sup,PCS,2,62,0.0319,0.602,65.8
Jensen,mid,LCS,1,41,0.0318,0.601,65.8
Prismal,sup,LCSA,2,80,0.0318,0.601,65.8
Guigo,top,CBLOL,2,67,0.0317,0.598,65.7
Kynetic,bot,PRM,2,63,0.0316,0.598,65.7
Obsess,jng,PRM,2,63,0.0316,0.598,65.7
Pride,top,PRM,2,63,0.0316,0.598,65.7
Prime,sup,PRM,2,63,0.0316,0.598,65.7
Special,mid,PRM,2,63,0.0316,0.598,65.7
Young,mid,PGC,2,34,0.0316,0.597,65.7
Kice,sup,LCKC,2,67,0.0314,0.593,65.6
Nata,bot,NLC,2,64,0.0314,0.593,65.6
Z Score,sup,PGC,2,32,0.0314,0.594,65.7
Missia,sup,LDL,2,58,0.0312,0.59,65.6
Kurilius,bot,NEXO,2,33,0.0311,0.588,65.6
Carry,sup,TCL,2,59,0.031,0.585,65.5
Naak Nako,top,TCL,2,59,0.031,0.585,65.5
Johnarnau,top,NEXO,2,36,0.0309,0.585,65.5
Cozy,top,PGC,2,56,0.0308,0.582,65.5
Enso,sup,PCS,2,64,0.0308,0.582,65.5
Kongyue,jng,PCS,2,64,0.0308,0.582,65.5
Lilv,bot,PCS,2,64,0.0308,0.582,65.5
Uniboy,mid,PCS,2,64,0.0308,0.582,65.5
Scoooped,bot,PGC,2,52,0.0307,0.581,65.4
Slow,sup,LLA,2,39,0.0307,0.579,65.4
Trevor,sup,PGC,2,100,0.0307,0.58,65.4
Aithusa,mid,CBLOLA,2,46,0.0306,0.578,65.4
Envy,mid,CBLOL,2,57,0.0306,0.578,65.4
Makes,top,CBLOLA,2,46,0.0306,0.578,65.4
Netuno,bot,CBLOL,2,57,0.0306,0.578,65.4
RedBert,sup,CBLOL,2,57,0.0306,0.578,65.4
fNb,top,CBLOL,2,57,0.0306,0.578,65.4
XXX,mid,LDL,2,52,0.0305,0.577,65.4
Rogue,sup,LCO,2,68,0.0301,0.569,65.2
SuperCleber,top,CBLOLA,2,55,0.0301,0.569,65.3
kksh,bot,CBLOLA,2,55,0.0301,0.569,65.3
Jackies,mid,HM,2,43,0.03,0.567,65.2
Plux,sup,PGC,2,95,0.03,0.567,65.2
Reedfoo,bot,HM,2,43,0.03,0.567,65.2
Yaoyang,top,LDL,2,41,0.03,0.566,65.2
Lynkez,mid,CBLOLA,2,31,0.0299,0.566,65.2
Brolia,sup,GLL,2,28,0.0294,0.554,65.0
CarioK,jng,CBLOL,2,61,0.0292,0.551,65.0
Damage,sup,CBLOL,2,61,0.0292,0.551,65.0
Trigo,bot,CBLOL,2,61,0.0292,0.551,65.0
Wizer,top,CBLOL,2,61,0.0292,0.551,65.0
dyNquedo,mid,CBLOL,2,61,0.0292,0.551,65.0
Croc,jng,CBLOL,2,64,0.0291,0.55,64.9
Chookies,sup,PGC,2,66,0.0289,0.546,64.9
ThreaM,sup,NEXO,2,31,0.0288,0.544,64.9
lcberg,top,LDL,2,47,0.0287,0.543,64.8
MooseHater,top,LCSA,2,31,0.0282,0.533,64.7
Wuy,sup,LDL,2,77,0.0282,0.533,64.7
Gryffinn,jng,PGC,2,41,0.0281,0.531,64.6
Goot,jng,CBLOL,2,51,0.028,0.529,64.6
Longqi,top,LDL,2,70,0.0279,0.528,64.6
Shy Carry,bot,EBL,2,41,0.0278,0.525,64.5
Froggy,mid,VCS,2,114,0.0271,0.511,64.3
Nae,mid,NEXO,2,36,0.027,0.51,64.3
Attila,bot,NLC,2,61,0.0269,0.508,64.2
pqy,bot,LDL,2,69,0.0269,0.508,64.2
Hunter,top,NEXO,2,38,0.0268,0.506,64.2
Pyosik,jng,LCK,1,118,0.0268,0.506,64.2
ACD,top,PGN,2,27,0.0267,0.505,64.2
Alternative,sup,LPLOL,2,38,0.0267,0.504,64.2
Mart,jng,LPLOL,2,67,0.0267,0.505,64.2
Papiteero,top,LPLOL,2,67,0.0267,0.505,64.2
Worst,bot,LPLOL,2,67,0.0267,0.505,64.2
Ino,top,LJL,2,63,0.0264,0.499,64.1
Kobrq,mid,EL,2,21,0.0264,0.498,64.1
Recap,mid,LJL,2,63,0.0264,0.499,64.1
Secret,sup,LJL,2,63,0.0264,0.499,64.1
Ssol,bot,LJL,2,63,0.0264,0.499,64.1
hachamecha,jng,LJL,2,63,0.0264,0.499,64.1
Hasmed,top,VCS,2,118,0.0262,0.495,64.0
Shogun,bot,VCS,2,118,0.0262,0.495,64.0
Taki,sup,VCS,2,118,0.0262,0.495,64.0
FGG,sup,NLC,2,75,0.0261,0.492,64.0
Venzer,bot,NLC,2,75,0.0261,0.492,64.0
Wannabe,sup,NEXO,2,29,0.026,0.49,64.0
Adam,top,LFL,2,71,0.0257,0.486,63.9
Daiky,jng,GL,2,28,0.0257,0.485,63.9
Kandar,sup,NEXO,2,28,0.0256,0.483,63.8
Shark,bot,LDL,2,71,0.0253,0.477,63.7
Sting,jng,CBLOLA,2,54,0.0253,0.477,63.7
Rhilech,jng,TAL,2,31,0.0251,0.473,63.7
Kunduz,mid,TAL,2,44,0.025,0.472,63.6
Aklass,bot,HC,2,23,0.0249,0.469,63.6
Gamsu,top,LCSA,2,91,0.0249,0.469,63.6
Jiizuke,mid,LVP SL,2,41,0.0248,0.468,63.6
TaNa,top,TCL,2,23,0.0248,0.469,63.6
Cl0x,sup,NLC Aurora Open,2,20,0.0247,0.467,63.6
Lunddorf,top,NLC Aurora Open,2,20,0.0247,0.467,63.6
Rylle,mid,NLC Aurora Open,2,20,0.0247,0.467,63.6
Sn1lle,jng,NLC Aurora Open,2,20,0.0247,0.467,63.6
Venom,bot,NEXO,2,29,0.0247,0.465,63.5
Doxy,top,LVP SL,2,54,0.0246,0.464,63.5
Kurckoo,mid,SL (LATAM),2,41,0.0246,0.464,63.5
Stray,sup,LLA,2,61,0.0246,0.464,63.5
Driver,top,PCS,2,40,0.0245,0.463,63.5
Penguin,jng,VCS,2,82,0.0244,0.46,63.4
Max1,sup,LPLOL,2,32,0.0241,0.454,63.3
Niles,top,PGC,2,61,0.0241,0.455,63.4
Veignorem,sup,LFL2,2,49,0.024,0.453,63.3
Tigaz,jng,LPLOL,2,21,0.0239,0.45,63.3
Dardoch,sup,UPL,2,21,0.0237,0.446,63.2
Aaron,bot,NEXO,2,31,0.0236,0.445,63.2
Tinelli,sup,PGN,2,26,0.0235,0.443,63.1
Azog,bot,PGC,2,54,0.0234,0.44,63.1
Hauz,mid,CBLOL,2,53,0.0233,0.438,63.1
Parang,top,CBLOL,2,53,0.0233,0.438,63.1
Wiz,jng,CBLOL,2,53,0.0233,0.438,63.1
scuro,sup,CBLOL,2,53,0.0233,0.438,63.1
lovely,jng,LDL,2,34,0.0232,0.438,63.1
Shmebu,sup,LMF,2,31,0.0228,0.43,62.9
Keduii,bot,LVP SL,2,65,0.0227,0.428,62.9
Liweier,jng,LDL,2,24,0.0225,0.424,62.8
TheStryg,sup,HC,2,26,0.0225,0.424,62.8
Toaster,bot,ESLOL,2,21,0.0225,0.424,62.8
Zest,top,LCKC,2,74,0.0225,0.424,62.8
Cotopaco,mid,DDH,2,34,0.0224,0.422,62.8
Souli,jng,UL,2,34,0.0224,0.422,62.8
Feather,sup,LDL,2,49,0.0223,0.42,62.7
HeSSZero,top,UL,2,58,0.0223,0.421,62.8
Pigeonx,sup,GLLPA,2,20,0.0222,0.418,62.7
Celina,bot,LAS,2,39,0.0221,0.417,62.7
LvMao,sup,LPL,1,84,0.0221,0.417,62.7
Saint,mid,LAS,2,39,0.0221,0.417,62.7
Sharvel,jng,LAS,2,39,0.0221,0.417,62.7
Siwoo,top,LAS,2,39,0.0221,0.417,62.7
Thumb,sup,LAS,2,39,0.0221,0.417,62.7
JKJK,sup,LDL,2,45,0.0219,0.413,62.6
yyy,jng,LDL,2,45,0.0219,0.413,62.6
hulatang,top,LDL,2,55,0.0217,0.409,62.6
APA,mid,PGC,2,49,0.0213,0.401,62.4
BeanJ,jng,VCS,2,115,0.0213,0.401,62.4
Eyliph,top,NLC,2,48,0.0213,0.401,62.4
kehvo,bot,NLC,2,57,0.0213,0.401,62.4
Endz,bot,PGN,2,47,0.0212,0.399,62.4
Gabbo,top,PGN,2,47,0.0212,0.399,62.4
Kikis,sup,NLC,2,34,0.0212,0.399,62.4
MxDragon,jng,PGN,2,47,0.0212,0.399,62.4
XoNix,mid,PGN,2,47,0.0212,0.399,62.4
kingggggg,jng,EBL,2,47,0.0211,0.398,62.4
Eclipse,top,LCSA,2,60,0.021,0.395,62.3
Lover11,mid,LDL,2,67,0.0209,0.394,62.3
jiang,bot,LDL,2,25,0.0209,0.393,62.3
Bonnie,jng,LCKC,2,86,0.0208,0.393,62.3
SkyTec,sup,LCSA,2,92,0.0205,0.385,62.1
Crimson,top,PGC,2,24,0.0204,0.384,62.1
Nisqy,mid,LEC,1,39,0.02,0.377,62.0
JunJia,jng,LPL,1,25,0.0199,0.375,62.0
Vahvel,sup,CBLOLA,2,44,0.0198,0.373,61.9
Meech,bot,LCSA,2,78,0.0197,0.372,61.9
JTL,top,EL,2,29,0.0195,0.367,61.8
Primo,sup,LJLA,2,20,0.0195,0.366,61.8
Advienne,sup,LVP SL,2,46,0.0194,0.365,61.8
PandaC,top,LDL,2,36,0.0194,0.365,61.8
SoHwan,top,LLA,2,51,0.0194,0.366,61.8
ceo,bot,LLA,2,51,0.0194,0.366,61.8
Seal,sup,PRM,2,54,0.0193,0.363,61.7
Stefan,jng,NLC,2,38,0.0193,0.364,61.8
Adiss,top,GLL,2,50,0.0192,0.361,61.7
bat,bot,LDL,2,75,0.0192,0.36,61.7
AdyTheKid,mid,HC,2,49,0.0191,0.359,61.7
Kunou,sup,GL,2,29,0.0191,0.359,61.7
Morttheus,bot,CBLOLA,2,23,0.0191,0.36,61.7
Postkassen,sup,EBL,2,28,0.0191,0.359,61.7
Zamudo,top,PGC,2,65,0.0191,0.359,61.7
FoFo,mid,LPL,1,67,0.0189,0.355,61.6
Nawa,bot,TAL,2,28,0.0188,0.355,61.6
Vlaren,jng,HC,2,51,0.0187,0.352,61.5
Unforgiven,jng,LMF,2,32,0.0184,0.346,61.4
Blazze,mid,PGC,2,79,0.0183,0.343,61.4
Dragoon,top,PGC,2,79,0.0183,0.343,61.4
Ayukura,mid,PGC,2,20,0.0182,0.341,61.4
Giankios,top,LHE,2,57,0.0182,0.342,61.4
Phuc1,jng,VCS,2,44,0.0182,0.343,61.4
Quid,mid,LCKC,2,60,0.0182,0.342,61.4
Shookz,jng,LMF,2,61,0.0182,0.342,61.4
Tsun Tsun,jng,SL (LATAM),2,49,0.0181,0.341,61.3
Tyr,sup,EL,2,23,0.0181,0.34,61.3
Rakyz,mid,LHE,2,32,0.0179,0.337,61.3
Ashlomailma,sup,LDL,2,41,0.0178,0.335,61.2
Edward,sup,GLL,2,21,0.0178,0.336,61.3
BAO,bot,TCL,2,27,0.0177,0.333,61.2
Grell,jng,LLA,2,68,0.0177,0.333,61.2
Niket,sup,LDL,2,30,0.0177,0.332,61.2
Rovex,sup,PGC,2,71,0.0177,0.332,61.2
Xiaoxu,top,LDL,2,79,0.0175,0.329,61.1
Hika,bot,LMF,2,56,0.0174,0.327,61.1
DeepLearn,bot,PGC,2,51,0.0172,0.324,61.0
KroMAX,sup,EBL,2,27,0.0172,0.323,61.0
Lucky,top,LVP SL,2,80,0.0172,0.323,61.0
Mafro,jng,EBL,2,27,0.0172,0.323,61.0
Yuri,mid,LCO,2,73,0.0172,0.324,61.0
Luuukz,jng,CBLOLA,2,26,0.0171,0.321,61.0
ALPHA,mid,EL,2,32,0.017,0.319,61.0
Xmy,sup,VL,2,20,0.017,0.319,61.0
ANDARIEL,bot,TCL,2,45,0.0169,0.318,60.9
Hieu3,sup,VCS,2,27,0.0169,0.317,60.9
Sounda,jng,LAS,2,32,0.0169,0.318,60.9
Bounty,sup,CBLOLA,2,53,0.0167,0.314,60.9
Good Sir,jng,UPL,2,29,0.0167,0.314,60.9
Hatrixx,mid,LVP SL,2,65,0.0167,0.314,60.9
DoubleAiM,jng,EBL,2,24,0.0166,0.312,60.8
Indr4,jng,NEXO,2,30,0.0165,0.31,60.8
Koba,bot,LFL2,2,25,0.0165,0.31,60.8
Cepted,mid,LLA,2,32,0.0164,0.308,60.8
Oddie,jng,LLA,2,50,0.0164,0.309,60.8
Misanthiel,top,LFL2,2,23,0.0162,0.303,60.7
redwall,top,LDL,2,30,0.0162,0.305,60.7
Weiwei,jng,LPL,1,84,0.0161,0.302,60.7
xiao7,top,LDL,2,78,0.016,0.3,60.6
Osman123,jng,TAL,2,37,0.0159,0.299,60.6
JiaQi,bot,LDL,2,32,0.0158,0.298,60.6
5kid,bot,LLA,2,63,0.0155,0.291,60.4
Aloned,mid,LLA,2,63,0.0155,0.291,60.4
Dimitry,jng,LLA,2,63,0.0155,0.291,60.4
Lonely,top,LLA,2,63,0.0155,0.291,60.4
Luka,mid,TCL,2,51,0.0154,0.29,60.4
Palafox,mid,LCS,1,65,0.0154,0.288,60.4
Jons,sup,UPL,2,38,0.0152,0.285,60.3
Ventair,top,PRM,2,46,0.0152,0.286,60.4
1Haru,jng,SL (LATAM),2,20,0.0151,0.284,60.3
Tuercas,top,EL,2,31,0.0151,0.284,60.3
deathleap,top,SL (LATAM),2,20,0.0151,0.284,60.3
kelin,bot,LDL,2,26,0.0151,0.284,60.3
Dia1,mid,VCS,2,46,0.015,0.282,60.3
Rostak,jng,HC,2,20,0.015,0.281,60.3
Asura,bot,LDL,2,38,0.0149,0.28,60.2
lhyz,jng,LDL,2,39,0.0149,0.279,60.2
pan,top,DDH,2,35,0.0149,0.28,60.2
Kakkun,mid,LJL,2,27,0.0148,0.277,60.2
Triple,mid,LCSA,2,80,0.0148,0.278,60.2
Miang,jng,DDH,2,60,0.0146,0.273,60.1
BrokenSword,top,HC,2,51,0.0144,0.27,60.1
Guubi,bot,LVP SL,2,73,0.0144,0.27,60.1
ONLY,bot,HC,2,51,0.0144,0.27,60.1
Tasteless,sup,EBL,2,56,0.0144,0.27,60.1
Piku,mid,NEXO,2,31,0.0142,0.266,60.0
shochi,mid,PGC,2,66,0.0142,0.266,60.0
Beenie,bot,CBLOLA,2,38,0.0141,0.264,60.0
Kirei,jng,TCL,2,23,0.014,0.262,59.9
Ruin,top,TCL,2,23,0.014,0.262,59.9
ArcaneTeddy,top,EBL,2,32,0.0138,0.259,59.9
Sahira,mid,NLC,2,33,0.0138,0.258,59.8
Moyan,jng,LDL,2,38,0.0137,0.256,59.8
0909,mid,LDL,2,29,0.0134,0.251,59.7
Disave,bot,CBLOL,2,28,0.0134,0.251,59.7
Peter,sup,LCKC,2,70,0.0134,0.252,59.7
Zantimon,bot,GL,2,41,0.0134,0.25,59.7
Batuuu,sup,TAL,2,23,0.0133,0.25,59.7
Husha,jng,PCS,2,72,0.0133,0.249,59.7
Kino,sup,PCS,2,72,0.0133,0.249,59.7
Ruep,bot,TAL,2,32,0.0133,0.248,59.7
Wako,bot,PCS,2,72,0.0133,0.249,59.7
Pabu,jng,PRM,2,70,0.0131,0.246,59.6
ZaZee,mid,PRM,2,70,0.0131,0.246,59.6
Zeni,top,LPLOL,2,36,0.0131,0.245,59.6
CRY NOW,mid,UPL,2,40,0.0129,0.241,59.5
Griba,sup,CBLOLA,2,42,0.0129,0.242,59.6
Kektz,top,NLC,2,52,0.0129,0.242,59.6
Kreox,jng,NLC,2,22,0.0129,0.241,59.5
Pilot,mid,CBLOLA,2,42,0.0129,0.242,59.6
Stixxay,bot,LCSA,2,77,0.0129,0.241,59.5
Realm,mid,LDL,2,32,0.0127,0.239,59.5
Shady,sup,PGC,2,37,0.0125,0.234,59.4
HOYA,top,LPL,1,55,0.0124,0.233,59.4
CaTzzz,bot,SL (LATAM),2,38,0.0123,0.231,59.4
Haenam,top,LAS,2,34,0.0123,0.231,59.3
Westlander,top,LFL2,2,24,0.0123,0.23,59.3
1xn,bot,LDL,2,58,0.0122,0.227,59.3
D4SH,jng,LPLOL,2,26,0.0122,0.228,59.3
Uprising,top,EL,2,29,0.0122,0.229,59.3
Kiefer,mid,LMF,2,45,0.0121,0.227,59.3
Jool,mid,TCL,2,50,0.012,0.225,59.2
Alby,jng,LVP SL,2,79,0.0119,0.223,59.2
Mikkel,mid,ESLOL,2,29,0.0119,0.222,59.2
Myrwn,top,LVP SL,2,79,0.0119,0.223,59.2
Orre,bot,ESLOL,2,29,0.0119,0.222,59.2
Oscure,sup,LVP SL,2,79,0.0119,0.223,59.2
Random,mid,LVP SL,2,79,0.0119,0.223,59.2
Ryuzaki,jng,UL,2,73,0.0118,0.222,59.2
Sebekx,mid,UL,2,73,0.0118,0.222,59.2
Vzz,bot,UL,2,73,0.0118,0.222,59.2
Wojtus,sup,UL,2,73,0.0118,0.222,59.2
mumus100,top,UL,2,73,0.0118,0.222,59.2
pulse,top,UPL,2,43,0.0117,0.219,59.1
Alex,jng,PCS,2,22,0.0116,0.218,59.1
Twight,jng,HC,2,47,0.0115,0.215,59.0
Crazy,top,TCL,2,46,0.0114,0.214,59.0
Mojito,jng,TCL,2,46,0.0114,0.214,59.0
Zergsting,sup,TCL,2,46,0.0114,0.214,59.0
Heimdall,sup,LFL2,2,54,0.0113,0.211,59.0
Elated,top,UPL,2,21,0.0112,0.21,59.0
Exothy,bot,UPL,2,21,0.0112,0.21,59.0
Kafuu,sup,UPL,2,21,0.0112,0.21,59.0
Avarosa,mid,TAL,2,45,0.0111,0.208,58.9
CHEF,jng,TAL,2,45,0.0111,0.208,58.9
Zinco,bot,LDL,2,40,0.011,0.205,58.9
Diamond,sup,LCSA,2,97,0.0109,0.203,58.8
Spirax,mid,LCSA,2,97,0.0109,0.203,58.8
Tomo,bot,LCSA,2,97,0.0109,0.203,58.8
Yuuji,jng,LCSA,2,97,0.0109,0.203,58.8
vital,bot,LCKC,2,79,0.0108,0.201,58.8
HungryPanda,sup,PGN,2,54,0.0104,0.194,58.7
Pbd,sup,TCL,2,50,0.0104,0.195,58.7
Scorth,bot,TCL,2,50,0.0104,0.195,58.7
Typhoon,jng,TCL,2,50,0.0104,0.195,58.7
Kaii,bot,NEXO,2,54,0.0103,0.192,58.6
Macaquinho,mid,NEXO,2,54,0.0103,0.192,58.6
Sandwitch,sup,UPL,2,34,0.0103,0.192,58.6
Tangyuan,mid,LDL,2,82,0.0102,0.191,58.6
HiRit,top,LEC,1,25,0.0101,0.188,58.5
Xeonerr,jng,UL,2,53,0.01,0.186,58.5
PrettyGRE,mid,LCSA,2,106,0.0099,0.185,58.5
Beats,sup,LCO,2,28,0.0098,0.182,58.4
BioPanther,top,LCO,2,74,0.0098,0.182,58.4
Corporal,sup,LCO,2,74,0.0098,0.182,58.4
Kisee,mid,LCO,2,74,0.0098,0.182,58.4
Nash,sup,NLC,2,42,0.0098,0.183,58.4
Darkin,top,GL,2,29,0.0096,0.178,58.4
Hunt,mid,EBL,2,29,0.0096,0.18,58.4
Minji,mid,PCS,2,71,0.0096,0.179,58.4
Raél,mid,VL,2,29,0.0096,0.178,58.4
Truncapochas,jng,CT,2,24,0.0096,0.18,58.4
Clever9,mid,LDL,2,25,0.0095,0.178,58.4
Mysun,sup,LDL,2,56,0.0095,0.177,58.3
Yukino,jng,PGC,2,28,0.0095,0.177,58.3
Haetae,top,LAS,2,39,0.0094,0.174,58.3
Spike,bot,LAS,2,39,0.0094,0.174,58.3
Blind Walker,jng,EL,2,35,0.0093,0.173,58.3
Godles,bot,EL,2,35,0.0093,0.173,58.3
Uneasy,bot,LDL,2,66,0.0093,0.174,58.3
Quicktimer,sup,PRM,2,37,0.0092,0.171,58.2
Siler,mid,PGN,2,20,0.0092,0.172,58.2
ADD,top,LLA,2,62,0.0091,0.168,58.2
Arrietty,bot,VCS,2,37,0.009,0.168,58.2
Icy,mid,DDH,2,30,0.0088,0.163,58.1
Rito,sup,NEXO,2,30,0.0087,0.163,58.1
Torak,mid,NEXO,2,30,0.0087,0.163,58.1
Urgaleex,top,NEXO,2,30,0.0087,0.163,58.1
Zhergoth,top,ESLOL,2,58,0.0087,0.162,58.1
Tiansito,jng,GL,2,21,0.0086,0.159,58.0
YHL,jng,UPL,2,49,0.0083,0.154,57.9
DnDn,top,LCKC,2,107,0.0082,0.152,57.9
Perry,jng,PGC,2,67,0.0082,0.152,57.9
AD,bot,LAS,2,33,0.008,0.148,57.8
Armut,top,LEC,1,57,0.008,0.149,57.8
Celebrity,bot,VCS,2,71,0.008,0.149,57.8
Elyoya,jng,LEC,1,57,0.008,0.149,57.8
Kaiser,sup,LEC,1,57,0.008,0.149,57.8
Like 1999,jng,LAS,2,33,0.008,0.148,57.8
SUP,sup,LAS,2,33,0.008,0.148,57.8
Sero,top,LAS,2,33,0.008,0.148,57.8
Skude,jng,ESLOL,2,59,0.008,0.149,57.8
UNF0RGIVEN,bot,LEC,1,57,0.008,0.149,57.8
Zinie,mid,LAS,2,33,0.008,0.148,57.8
eight,jng,LDL,2,67,0.0079,0.146,57.8
Aetinoth,bot,TAL,2,30,0.0078,0.144,57.7
Cape,jng,TAL,2,30,0.0078,0.144,57.7
Maxlore,jng,LVP SL,2,59,0.0077,0.143,57.7
Th3Antonio,top,LVP SL,2,59,0.0077,0.143,57.7
Wamu,top,LHE,2,52,0.0077,0.143,57.7
Joao,sup,LPLOL,2,39,0.0076,0.141,57.7
Abagnale,sup,NLC,2,47,0.0075,0.138,57.6
Alois,top,PRM,2,72,0.0073,0.135,57.6
Eckas,jng,PRM,2,72,0.0073,0.135,57.6
Career,sup,LAS,2,45,0.0072,0.133,57.5
Likai,top,PCS,2,41,0.0072,0.134,57.5
Deimos,top,LFL2,2,26,0.007,0.13,57.5
Alvaro,sup,LVP SL,2,29,0.0068,0.125,57.4
10ng,mid,LDL,2,36,0.0066,0.121,57.3
Grave,bot,TAL,2,49,0.0066,0.122,57.3
StenBosse,top,PGN,2,32,0.0066,0.122,57.3
Deidara,top,PGN,2,27,0.0065,0.12,57.3
DudsTheBoy,bot,CBLOL,2,43,0.0065,0.121,57.3
Fujimoto,sup,LJL,2,34,0.0065,0.12,57.3
Septico1,top,EBL,2,22,0.0064,0.117,57.2
Chayon,top,LCO,2,35,0.0063,0.115,57.2
Leza,mid,LLA,2,47,0.0063,0.117,57.2
Paladin,bot,EBL,2,59,0.0062,0.114,57.2
Rock,top,PCS,2,24,0.0062,0.115,57.2
Bvoy,bot,LLA,2,31,0.0061,0.112,57.1
Liang,top,PCS,2,31,0.0061,0.112,57.1
Neo,bot,LCS,1,61,0.006,0.111,57.1
Cuzz,jng,LCK,1,95,0.0059,0.108,57.0
Feng,bot,VL,2,69,0.0059,0.109,57.1
MrLemon,jng,DDH,2,38,0.0058,0.106,57.0
Scofield,jng,TAL,2,25,0.0057,0.105,57.0
Ufrock,bot,TAL,2,25,0.0057,0.105,57.0
Jean,jng,EL,2,22,0.0056,0.103,57.0
Lody,jng,LAS,2,23,0.0056,0.102,56.9
miya,bot,PGC,2,27,0.0055,0.101,56.9
Blank,jng,LJL,2,57,0.0054,0.098,56.9
DasheR,mid,LJL,2,57,0.0054,0.098,56.9
Kinatu,top,LJL,2,57,0.0054,0.098,56.9
Marble,bot,LJL,2,57,0.0054,0.098,56.9
Raina,sup,LJL,2,57,0.0054,0.098,56.9
Chikitow,jng,DDH,2,31,0.0053,0.097,56.8
Nightmares,sup,ESLOL,2,23,0.0053,0.097,56.8
Camana,mid,TAL,2,32,0.0052,0.096,56.8
Joey,sup,LCSA,2,107,0.005,0.091,56.7
Lelouch,bot,EBL,2,25,0.005,0.092,56.7
Peyz,bot,LCKC,2,74,0.0049,0.09,56.7
Winner,jng,LCKC,2,74,0.0049,0.09,56.7
Artemis,bot,VCS,2,66,0.0048,0.088,56.7
Chad,jng,LCSA,2,107,0.0047,0.086,56.6
dejan1,top,EBL,2,25,0.0047,0.086,56.6
Gorica,bot,PGC,2,40,0.0046,0.084,56.6
Kitzuo,jng,PGC,2,58,0.0046,0.083,56.6
D4nKa,jng,PRM,2,65,0.0045,0.081,56.5
ESCIK,mid,PRM,2,65,0.0045,0.081,56.5
Nille,top,NLC,2,21,0.0045,0.081,56.5
Sacre,top,PRM,2,65,0.0045,0.081,56.5
Visdom,sup,PRM,2,65,0.0045,0.081,56.5
JJirkos,sup,HC,2,25,0.0044,0.079,56.5
Pepi,mid,HC,2,30,0.0044,0.079,56.5
Chieftain,jng,LPL,1,46,0.0043,0.077,56.5
Kanra,top,SL (LATAM),2,40,0.0043,0.078,56.5
OddOrange,jng,PGC,2,36,0.0043,0.078,56.5
Phantomles,mid,PRM,2,72,0.0043,0.077,56.5
Mersa,sup,LEC,1,51,0.0041,0.073,56.4
Neon,bot,LEC,1,51,0.0041,0.073,56.4
SAJATOR,mid,HM,2,66,0.0041,0.074,56.4
Vetheo,mid,LEC,1,51,0.0041,0.073,56.4
Lac,bot,LMF,2,54,0.0039,0.071,56.3
Style,jng,LMF,2,54,0.0039,0.071,56.3
Sparda,top,VCS,2,38,0.0038,0.068,56.3
Fatihcan,bot,NLC,2,39,0.0037,0.067,56.3
Lwx,bot,LPL,1,95,0.0037,0.066,56.3
Iwandy,sup,LPL,1,33,0.0036,0.065,56.2
SlowQ,mid,NLC,2,35,0.0036,0.065,56.2
Nukes,sup,NLC,2,34,0.0035,0.062,56.2
Bayonetta,top,TAL,2,45,0.0034,0.061,56.2
fjoompbun,top,ESLOL,2,36,0.0034,0.06,56.1
Aiming,bot,LCK,1,98,0.0033,0.059,56.1
Eggsy,bot,VL,2,26,0.0033,0.058,56.1
Life,sup,LCK,1,98,0.0033,0.059,56.1
Rascal,top,LCK,1,98,0.0033,0.059,56.1
Flamer,top,PRMP,2,20,0.0032,0.057,56.1
Melody,sup,GL,2,46,0.0032,0.058,56.1
Frog,top,LAS,2,60,0.003,0.054,56.0
M0NK,bot,ESLOL,2,54,0.003,0.052,56.0
Paduck,bot,LAS,2,60,0.003,0.054,56.0
kyeahoo,mid,LAS,2,60,0.003,0.054,56.0
walker,jng,LAS,2,60,0.003,0.054,56.0
QTKT,jng,ESLOL,2,23,0.0028,0.049,55.9
Galaxy,mid,LPLOL,2,36,0.0027,0.048,55.9
Jeyrus,bot,TAL,2,47,0.0027,0.048,55.9
Crisp,sup,LPL,1,98,0.0026,0.047,55.9
Fzz,sup,LDL,2,21,0.0026,0.046,55.9
Skewy,mid,SL (LATAM),2,37,0.0026,0.047,55.9
Kojima,bot,CBLOLA,2,21,0.0024,0.042,55.8
Telas,sup,CBLOLA,2,41,0.0024,0.042,55.8
DANY,bot,HM,2,65,0.0023,0.04,55.8
Mikyx,sup,LEC,1,42,0.0023,0.039,55.7
No One,jng,VL,2,32,0.0023,0.04,55.8
Lyng,sup,DDH,2,57,0.0022,0.037,55.7
Pooh,sup,LAS,2,40,0.0021,0.036,55.7
Tempester,mid,LAS,2,40,0.0021,0.036,55.7
Coldraa,bot,PRMP,2,23,0.002,0.035,55.7
Lamabear,jng,PRMP,2,23,0.002,0.035,55.7
Matislaw,mid,PRMP,2,23,0.002,0.035,55.7
WDR,mid,LHE,2,28,0.002,0.033,55.6
WRDN,jng,GLL,2,50,0.002,0.034,55.7
iso,bot,LHE,2,28,0.002,0.033,55.6
PatkicaA,top,EBL,2,31,0.0019,0.032,55.6
Wunai3,sup,LDL,2,25,0.0019,0.032,55.6
Youxin,jng,LDL,2,72,0.0019,0.033,55.6
RonOP,sup,VCS,2,43,0.0018,0.03,55.6
Boal,top,CBLOL,2,24,0.0017,0.029,55.5
FlickeR,bot,LPLOL,2,22,0.0017,0.028,55.5
Gavotto,bot,LLA,2,63,0.0016,0.026,55.5
Jason,mid,VL,2,25,0.0016,0.026,55.5
Jelly,sup,LLA,2,63,0.0016,0.026,55.5
Trungi,top,HM,2,26,0.0016,0.027,55.5
Enjawve,sup,LFL,2,39,0.0015,0.026,55.5
Athyz,jng,GL,2,61,0.0014,0.022,55.4
Mirror,mid,LDL,2,32,0.0014,0.022,55.4
Shockey,top,UPL,2,23,0.0014,0.023,55.4
COLD,sup,LPL,1,82,0.0012,0.019,55.4
FIESTA,mid,LCKC,2,110,0.0012,0.02,55.4
Froststrike,jng,LLA,2,38,0.0011,0.017,55.3
Lykia,sup,TAL,2,23,0.001,0.015,55.3
Dejv,bot,HC,2,20,0.0008,0.011,55.2
GunPoint,bot,LHE,2,40,0.0008,0.011,55.2
Irrelevant,top,LEC,1,51,0.0008,0.012,55.2
Kenny,sup,HC,2,20,0.0008,0.011,55.2
Vasekfel,mid,HC,2,20,0.0008,0.011,55.2
WaenA,mid,GLL,2,29,0.0008,0.011,55.2
Czajek,mid,LFL,2,49,0.0007,0.009,55.2
Vander,sup,LFL,2,49,0.0007,0.009,55.2
Woolite,bot,LFL,2,49,0.0007,0.009,55.2
enel1,jng,CBLOLA,2,37,0.0007,0.009,55.2
Atlen,bot,PCS,2,23,0.0006,0.008,55.2
Catan,bot,GL,2,32,0.0006,0.008,55.2
Sjakal,jng,ESLOL,2,22,0.0006,0.008,55.2
mirrored,mid,ESLOL,2,22,0.0006,0.008,55.2
Blizz,mid,LPLOL,2,28,0.0005,0.005,55.1
Jaunutis1,jng,UL,2,36,0.0005,0.005,55.1
Marco,sup,HC,2,55,0.0004,0.003,55.1
SLT,top,LVP SL,2,25,0.0004,0.004,55.1
Chapters,bot,LMF,2,25,0.0003,0.001,55.0
Nio,sup,PRMP,2,22,0.0003,0.003,55.1
Grizzly,jng,LAS,2,35,0.0002,-0.0,55.0
Solo,top,LCS,1,27,0.0002,0.001,55.0
HONOR,sup,LFL2,2,73,0.0001,-0.001,55.0
Lingwi,top,LFL2,2,73,0.0001,-0.001,55.0
Moutarde,mid,LFL2,2,73,0.0001,-0.001,55.0
Zicssi,jng,LFL2,2,73,0.0001,-0.001,55.0
Aspire,top,LDL,2,72,-0.0001,-0.006,54.9
Nper,top,VCS,2,78,-0.0001,-0.005,54.9
Tsiper,mid,EBL,2,48,-0.0001,-0.006,54.9
6ax,mid,EBL,2,32,-0.0003,-0.01,54.8
Frappii,bot,LFL2,2,71,-0.0003,-0.009,54.8
Kevy,jng,LCO,2,65,-0.0003,-0.01,54.8
R1kka,top,LDL,2,36,-0.0003,-0.01,54.8
Toasty,mid,PGC,2,66,-0.0004,-0.011,54.8
Luger,bot,LCS,1,63,-0.0005,-0.014,54.7
Phenomenal,mid,TAL,2,41,-0.0006,-0.016,54.7
Meshade,bot,TAL,2,28,-0.0008,-0.019,54.6
Paixdia,sup,TAL,2,28,-0.0008,-0.019,54.6
Sherlock,sup,LAS,2,36,-0.0008,-0.019,54.6
Jejky,jng,HM,2,67,-0.0009,-0.021,54.6
Leleko,mid,CBLOLA,2,42,-0.0009,-0.02,54.6
VaSKED,sup,HM,2,67,-0.0009,-0.021,54.6
welcom,top,HM,2,67,-0.0009,-0.021,54.6
Clozer,mid,LCK,1,95,-0.001,-0.022,54.6
Croco,jng,LCK,1,95,-0.001,-0.022,54.6
Dove,top,LCK,1,95,-0.001,-0.022,54.6
kubYD,sup,PGN,2,31,-0.001,-0.023,54.6
Vortum,top,LPLOL,2,48,-0.0011,-0.024,54.5
Nuclex,mid,VL,2,35,-0.0012,-0.026,54.5
Kireas,jng,TCL,2,49,-0.0013,-0.028,54.5
Tholem,top,TAL,2,32,-0.0013,-0.028,54.5
Doggo,bot,LPL,1,88,-0.0014,-0.031,54.4
Carve,sup,TAL,2,20,-0.0015,-0.032,54.4
Yado,mid,VCS,2,64,-0.0015,-0.033,54.4
Diamondprox,jng,NLC,2,26,-0.0016,-0.035,54.3
Ahn,bot,LPL,1,46,-0.0017,-0.036,54.3
Crash,jng,TCL,2,36,-0.0018,-0.038,54.3
Lumerion,top,ESLOL,2,48,-0.0018,-0.038,54.3
Mmy,sup,LDL,2,37,-0.0018,-0.039,54.3
Sabaneti,top,LHE,2,27,-0.0018,-0.038,54.3
Drop,bot,CBLOLA,2,22,-0.0019,-0.039,54.3
Keishao,top,LMF,2,41,-0.002,-0.042,54.2
DiDi,mid,LMF,2,40,-0.0021,-0.043,54.2
Koldo,jng,LVP SL,2,62,-0.0021,-0.044,54.2
RTeks,sup,NEXO,2,22,-0.0021,-0.044,54.2
Rafitta,bot,LVP SL,2,62,-0.0021,-0.044,54.2
Venour,top,PRM,2,24,-0.0021,-0.044,54.2
seaz,sup,LVP SL,2,62,-0.0021,-0.044,54.2
Gadget,bot,PRM,2,74,-0.0023,-0.048,54.1
Kruimel,mid,ESLOL,2,73,-0.0023,-0.048,54.1
Milica,mid,LVP SL,2,43,-0.0024,-0.048,54.1
Philip,top,LCSA,2,86,-0.0024,-0.049,54.1
Lekcyc,sup,PGN,2,25,-0.0026,-0.054,54.0
Mask,mid,LCKC,2,62,-0.0026,-0.053,54.0
Mercy9,mid,TAL,2,45,-0.0027,-0.055,54.0
2Trick,sup,ESLOL,2,21,-0.0028,-0.057,53.9
Blice,top,HC,2,28,-0.0028,-0.057,53.9
CaptainSexy,bot,HC,2,28,-0.0028,-0.057,53.9
Emiw,top,ESLOL,2,21,-0.0028,-0.057,53.9
Mechanics,bot,ESLOL,2,21,-0.0028,-0.057,53.9
Ginrais,mid,ESLOL,2,27,-0.0029,-0.059,53.9
Phenix,sup,HC,2,26,-0.0029,-0.058,53.9
kibah,sup,NLC,2,45,-0.0029,-0.059,53.9
EXIMUS,jng,LHE,2,53,-0.003,-0.06,53.9
Seiya,mid,LLA,2,60,-0.003,-0.061,53.8
Finn,top,LEC,1,47,-0.0031,-0.063,53.8
Jhoel,jng,VL,2,20,-0.0031,-0.063,53.8
Markoon,jng,LEC,1,47,-0.0031,-0.063,53.8
Nukeduck,mid,LEC,1,47,-0.0031,-0.063,53.8
Patrik,bot,LEC,1,47,-0.0031,-0.063,53.8
Lil,jng,LHE,2,53,-0.0032,-0.065,53.8
Zyko,sup,PGC,2,38,-0.0032,-0.064,53.8
Efias,sup,LVP SL,2,56,-0.0033,-0.067,53.7
Mitsuki,sup,LDL,2,32,-0.0033,-0.066,53.8
Xamexx,bot,SL (LATAM),2,41,-0.0034,-0.068,53.7
Zezpez,top,EBL,2,22,-0.0034,-0.068,53.7
yaoyao,sup,LPL,1,30,-0.0034,-0.068,53.7
Coow,jng,LHE,2,29,-0.0035,-0.069,53.7
Callme,mid,LAS,2,34,-0.0036,-0.073,53.6
Pressure,jng,LAS,2,34,-0.0036,-0.073,53.6
Shun2,bot,LAS,2,34,-0.0036,-0.073,53.6
Algos,sup,TAL,2,22,-0.0037,-0.075,53.6
Nickleaf,bot,VL,2,46,-0.0037,-0.074,53.6
Palette,sup,VCS,2,79,-0.0037,-0.074,53.6
Rifty,top,EBL,2,38,-0.0038,-0.077,53.5
Satorius,top,LVP SL,2,43,-0.0038,-0.076,53.6
Sl4shD,top,LPLOL,2,35,-0.0038,-0.076,53.5
SyaL,top,LHE,2,44,-0.0038,-0.076,53.6
Trashy,jng,LMF,2,24,-0.0039,-0.077,53.5
DVLK,mid,HC,2,40,-0.004,-0.08,53.5
Koudys,bot,HC,2,40,-0.004,-0.08,53.5
Kumo,top,LCSA,2,69,-0.004,-0.08,53.5
Mianare,bot,GL,2,21,-0.0042,-0.083,53.4
Alex Mercer,top,SL (LATAM),2,47,-0.0043,-0.085,53.4
monkaS,sup,TAL,2,46,-0.0043,-0.086,53.4
Faith,jng,PCS,2,34,-0.0044,-0.086,53.4
Jealow,sup,SL (LATAM),2,40,-0.0044,-0.087,53.4
Lospa,sup,LCKC,2,77,-0.0044,-0.087,53.4
NorthnLghts,top,GLL,2,33,-0.0044,-0.088,53.3
Dargus,bot,LHE,2,36,-0.0045,-0.09,53.3
Feikun,mid,LDL,2,72,-0.0045,-0.089,53.3
Le Grain,mid,PGC,2,23,-0.0045,-0.088,53.3
Lancer,top,LAS,2,25,-0.0046,-0.091,53.3
Obstinatus,sup,LFL2,2,60,-0.0046,-0.091,53.3
Betão,top,CBLOLA,2,40,-0.0047,-0.093,53.2
Kania,jng,LAS,2,26,-0.0048,-0.095,53.2
Mxe,sup,TAL,2,26,-0.0048,-0.095,53.2
dibu,jng,ESLOL,2,22,-0.005,-0.098,53.1
Duro,sup,LCKC,2,36,-0.0051,-0.101,53.1
Darwin,jng,LDL,2,80,-0.0052,-0.103,53.0
Dragdar,bot,ESLOL,2,66,-0.0052,-0.103,53.0
NuQ,top,LFL,2,47,-0.0052,-0.103,53.0
Ploxy,jng,PGN,2,39,-0.0053,-0.104,53.0
xinye,mid,LDL,2,60,-0.0053,-0.105,53.0
Alowhed,mid,LHE,2,37,-0.0054,-0.106,53.0
Dehaste,mid,PGN,2,50,-0.0054,-0.106,53.0
Densi,jng,ESLOL,2,43,-0.0054,-0.106,53.0
KINGPIN,sup,ESLOL,2,43,-0.0054,-0.106,53.0
Noodle,jng,PGN,2,56,-0.0055,-0.108,53.0
Tadeusz,mid,HC,2,26,-0.0057,-0.111,52.9
whisper,jng,LDL,2,41,-0.0057,-0.113,52.9
Alexx,jng,LVP SL,2,51,-0.0058,-0.114,52.8
Color,top,LVP SL,2,51,-0.0058,-0.114,52.8
DNK,jng,VCS,2,68,-0.0058,-0.114,52.8
Fresskowy,mid,LVP SL,2,51,-0.0058,-0.114,52.8
Roshan,jng,ESLOL,2,44,-0.0058,-0.115,52.8
Supa,bot,LVP SL,2,51,-0.0058,-0.114,52.8
Lotuss,jng,PGN,2,46,-0.0059,-0.116,52.8
Rhino,mid,LCSA,2,29,-0.0059,-0.117,52.8
Kenvi,jng,LCSA,2,80,-0.006,-0.119,52.8
Sponge,jng,LCKC,2,46,-0.006,-0.117,52.8
cody,mid,LLA,2,41,-0.006,-0.118,52.8
Kackos,top,LFL,2,24,-0.0061,-0.12,52.7
N N,mid,LHE,2,22,-0.0061,-0.12,52.7
FakeGod,top,LCS,1,28,-0.0063,-0.123,52.7
KKT,jng,LFL,2,53,-0.0063,-0.123,52.7
Macucho,sup,VL,2,36,-0.0063,-0.123,52.7
Ronaldo,mid,LFL,2,53,-0.0063,-0.123,52.7
Smiley,bot,LFL,2,53,-0.0063,-0.123,52.7
Aquasonic,top,LMF,2,44,-0.0065,-0.128,52.6
Horus,bot,LMF,2,41,-0.0065,-0.127,52.6
Evaan,mid,LFL2,2,55,-0.0066,-0.13,52.5
Wixo,sup,LFL2,2,55,-0.0066,-0.13,52.5
xiaoyueji,bot,LDL,2,70,-0.0066,-0.13,52.5
Novice,mid,LDL,2,36,-0.0067,-0.131,52.5
Starlit,mid,LCKC,2,20,-0.0067,-0.132,52.5
Ylaht,bot,LDL,2,36,-0.0067,-0.131,52.5
Focus,bot,TCL,2,50,-0.0068,-0.132,52.5
Selfmade,top,LEC,1,28,-0.0068,-0.132,52.5
Elicit,mid,CBLOLA,2,22,-0.0069,-0.136,52.4
ZaFiR,sup,ESLOL,2,21,-0.0069,-0.135,52.4
Blacky,mid,CBLOLA,2,39,-0.007,-0.136,52.4
Solitified,top,UPL,2,20,-0.007,-0.137,52.4
Castle,jng,LCKC,2,100,-0.0071,-0.139,52.4
Ersin,top,TAL,2,43,-0.0071,-0.14,52.4
Snaker,bot,LLA,2,32,-0.0071,-0.138,52.4
Agustin17,mid,LMF,2,45,-0.0072,-0.141,52.3
Noki,sup,TAL,2,28,-0.0072,-0.141,52.3
Town,mid,PGC,2,41,-0.0073,-0.142,52.3
D0MAS,mid,UL,2,22,-0.0075,-0.147,52.2
Simpli,mid,LFL2,2,40,-0.0075,-0.146,52.2
Zile,jng,UPL,2,20,-0.0075,-0.146,52.2
notdefused,jng,LHE,2,23,-0.0075,-0.146,52.2
sahori,bot,UPL,2,34,-0.0075,-0.146,52.2
Czypsy,sup,UL,2,58,-0.0076,-0.149,52.2
Hangjoo,mid,LAS,2,24,-0.0076,-0.149,52.2
Jujutw0,bot,LFL2,2,47,-0.0076,-0.148,52.2
TAKON,sup,LAS,2,24,-0.0076,-0.149,52.2
Tiara,sup,EBL,2,38,-0.0076,-0.148,52.2
Kael,sup,LCK,1,97,-0.0078,-0.152,52.1
Quixeth,sup,NLC,2,23,-0.0079,-0.155,52.1
Fighto,mid,LCO,2,40,-0.008,-0.156,52.1
Sylvie,jng,LCKC,2,107,-0.008,-0.157,52.0
Carnage,jng,LPLOL,2,31,-0.0081,-0.158,52.0
Fred,mid,LPLOL,2,48,-0.0081,-0.158,52.0
eXyu,jng,LCSA,2,86,-0.0081,-0.158,52.0
Bruno,jng,NEXO,2,26,-0.0082,-0.16,52.0
Kazuo,jng,EL,2,27,-0.0082,-0.159,52.0
Mime,bot,EL,2,27,-0.0082,-0.159,52.0
Yen,bot,UPL,2,42,-0.0082,-0.16,52.0
Fatorix,bot,LMF,2,26,-0.0084,-0.163,51.9
Puma,bot,LCO,2,70,-0.0084,-0.163,51.9
Infoneral,sup,GLL,2,35,-0.0087,-0.17,51.8
Array,bot,LCSA,2,77,-0.0088,-0.171,51.8
Crasia,bot,TAL,2,22,-0.0088,-0.171,51.8
Juzu,top,TCL,2,43,-0.0088,-0.171,51.8
Maximillion,mid,TAL,2,22,-0.0088,-0.171,51.8
Oguzkhan,jng,TAL,2,22,-0.0088,-0.171,51.8
Secondate,sup,TAL,2,22,-0.0088,-0.171,51.8
Vizi,sup,HC,2,32,-0.0088,-0.172,51.8
Kakan,top,UL,2,60,-0.0089,-0.173,51.7
Menace,mid,PGC,2,27,-0.0089,-0.174,51.7
Music,jng,PGN,2,38,-0.0089,-0.172,51.7
Numandiel,mid,ESLOL,2,51,-0.0089,-0.173,51.7
Saulius,mid,UL,2,60,-0.0089,-0.173,51.7
Yashiro,bot,UL,2,60,-0.0089,-0.173,51.7
Druxy,bot,GLL,2,31,-0.009,-0.174,51.7
Aeon,bot,LFL2,2,50,-0.0091,-0.176,51.7
Care,mid,LPL,1,68,-0.0091,-0.177,51.6
Saens,jng,DDH,2,53,-0.0091,-0.176,51.7
Sunriser,jng,VL,2,31,-0.0091,-0.177,51.7
Vizicsacsi,top,LFL,2,40,-0.0091,-0.177,51.7
Creme,mid,LPL,1,89,-0.0092,-0.178,51.6
Velocity,sup,ESLOL,2,20,-0.0093,-0.18,51.6
Remix,bot,ESLOL,2,20,-0.0096,-0.186,51.5
Avra,bot,LFL2,2,61,-0.0097,-0.187,51.5
Cimpo,bot,TAL,2,34,-0.0097,-0.188,51.4
Foreigner,jng,LCO,2,34,-0.0097,-0.188,51.5
Nafkelah,mid,LFL2,2,61,-0.0097,-0.187,51.5
Twelve,top,LFL2,2,61,-0.0097,-0.187,51.5
White,jng,LFL2,2,61,-0.0097,-0.187,51.5
Termo,mid,LMF,2,25,-0.0098,-0.19,51.4
Yerikan,sup,GL,2,22,-0.0098,-0.19,51.4
Empanadita,jng,GL,2,22,-0.0099,-0.191,51.4
Pan Stealer,sup,GL,2,22,-0.0099,-0.191,51.4
AnDa,jng,LCSA,2,31,-0.01,-0.195,51.3
Leemo,jng,PGC,2,35,-0.01,-0.193,51.4
Moosey,sup,ESLOL,2,21,-0.01,-0.193,51.4
WildTurtle,bot,LCSA,2,39,-0.0103,-0.2,51.2
Rychly,sup,ESLOL,2,43,-0.0105,-0.203,51.2
Strensh,mid,LMF,2,46,-0.0105,-0.204,51.2
Xiaoxiang,top,LPL,1,33,-0.0105,-0.204,51.1
Dinastik,mid,SL (LATAM),2,49,-0.0106,-0.205,51.1
Boukada,jng,LFL2,2,32,-0.0107,-0.207,51.1
Disamis,jng,CBLOL,2,44,-0.0107,-0.207,51.1
Kiari,top,CBLOL,2,44,-0.0107,-0.207,51.1
Krastyel,mid,CBLOL,2,44,-0.0107,-0.207,51.1
Matsukaze,bot,CBLOL,2,44,-0.0107,-0.207,51.1
Diesel,top,UPL,2,27,-0.0108,-0.209,51.1
Mauss,bot,HM,2,27,-0.011,-0.213,51.0
Topo,top,PGC,2,41,-0.0111,-0.215,50.9
Ackerman,sup,LLA,2,42,-0.0112,-0.217,50.9
Maynter,top,LFL2,2,24,-0.0112,-0.216,50.9
Solid,jng,LLA,2,42,-0.0112,-0.217,50.9
Agresivoo,top,LFL,2,60,-0.0113,-0.219,50.9
Kituruken,jng,LFL2,2,48,-0.0113,-0.219,50.9
Kofte,mid,TCL,2,43,-0.0113,-0.219,50.9
Sanity,sup,GLL,2,66,-0.0113,-0.218,50.9
V1tal,top,LCSA,2,53,-0.0113,-0.218,50.9
DNA,mid,PGC,2,42,-0.0114,-0.22,50.9
Demon,top,LDL,2,61,-0.0115,-0.222,50.8
Clid,jng,LPL,1,83,-0.0116,-0.223,50.8
Manaty,jng,LFL2,2,40,-0.0116,-0.224,50.8
Piero,sup,LCKC,2,32,-0.0117,-0.226,50.7
Alphari,top,LEC,1,45,-0.0118,-0.228,50.7
Carzzy,bot,LEC,1,45,-0.0118,-0.228,50.7
Fahai,sup,LDL,2,84,-0.0118,-0.228,50.7
Krosak,top,HM,2,31,-0.0118,-0.228,50.7
Labrov,sup,LEC,1,45,-0.0118,-0.228,50.7
Luco,sup,LHE,2,49,-0.0118,-0.229,50.7
Perkz,mid,LEC,1,45,-0.0118,-0.228,50.7
Smoothie,sup,LCSA,2,45,-0.0118,-0.227,50.7
Zzk,top,TCL,2,20,-0.0118,-0.229,50.7
Contractz,jng,LCS,1,57,-0.0119,-0.229,50.7
Flawed,jng,HM,2,22,-0.0119,-0.23,50.7
Getback,mid,PGC,2,26,-0.0119,-0.231,50.7
Poome,sup,LCS,1,57,-0.0119,-0.229,50.7
Potato,sup,UPL,2,20,-0.0119,-0.23,50.7
Sumi,mid,HM,2,22,-0.0119,-0.23,50.7
Crisma,sup,ESLOL,2,26,-0.0123,-0.237,50.5
Esko,bot,HM,2,28,-0.0123,-0.238,50.5
FatShield,top,PGN,2,22,-0.0123,-0.237,50.5
Knedla,jng,HC,2,43,-0.0123,-0.237,50.5
Pop,sup,TCL,2,52,-0.0123,-0.238,50.5
Sacrifice,jng,HM,2,28,-0.0123,-0.238,50.5
Wenhao,top,NEXO,2,25,-0.0123,-0.238,50.5
Citrus,jng,LCKC,2,50,-0.0124,-0.24,50.5
Keine,mid,LLA,2,36,-0.0125,-0.241,50.5
Zerito,top,LLA,2,36,-0.0125,-0.241,50.5
Amazing,jng,PRM,2,23,-0.0126,-0.244,50.4
DrewDozer,mid,UPL,2,52,-0.0127,-0.245,50.4
Goku,mid,CBLOL,2,24,-0.0127,-0.245,50.4
Minerva,jng,CBLOL,2,24,-0.0127,-0.245,50.4
BOSS,top,PRM,2,49,-0.0128,-0.247,50.4
Funky,jng,LHE,2,35,-0.0128,-0.247,50.4
Joxardo,top,VL,2,29,-0.0128,-0.248,50.3
Nomanz,mid,PRM,2,49,-0.0128,-0.247,50.4
Peco,bot,PRM,2,49,-0.0128,-0.247,50.4
Rhioni,bot,TCL,2,27,-0.0128,-0.247,50.4
Saviour,sup,PRM,2,49,-0.0128,-0.247,50.4
Diva,mid,EBL,2,52,-0.0129,-0.25,50.3
Blossoms,sup,PGC,2,38,-0.013,-0.251,50.3
ECSTASSY,bot,EBL,2,33,-0.013,-0.251,50.3
Eisley,bot,LDL,2,36,-0.013,-0.251,50.3
Bejjaniii,top,UPL,2,35,-0.0131,-0.252,50.3
Massu,bot,PGC,2,31,-0.0131,-0.253,50.2
Rosseu,sup,VL,2,24,-0.0132,-0.255,50.2
Xzz,mid,LDL,2,33,-0.0132,-0.255,50.2
Leb,jng,LVP SL,2,42,-0.0133,-0.257,50.2
Kind Jungle,jng,PGC,2,24,-0.0134,-0.258,50.2
Kyose,mid,LCO,2,23,-0.0134,-0.259,50.1
Lilipp,sup,PRM,2,64,-0.0134,-0.258,50.1
Raheen,sup,PGC,2,36,-0.0134,-0.259,50.1
EliWood,sup,PGN,2,22,-0.0135,-0.261,50.1
destiny,sup,LCSA,2,64,-0.0136,-0.263,50.1
Leemas,bot,LCO,2,44,-0.0139,-0.268,50.0
Wendel,sup,NLC,2,23,-0.0139,-0.268,50.0
Verdict,jng,PGC,2,38,-0.014,-0.269,49.9
Improve,bot,CBLOLA,2,40,-0.0142,-0.274,49.9
Zemnas,top,CBLOLA,2,40,-0.0142,-0.274,49.9
zay,sup,CBLOLA,2,40,-0.0142,-0.274,49.9
Petis,sup,HM,2,28,-0.0143,-0.275,49.8
Wos,sup,CBLOL,2,34,-0.0143,-0.275,49.8
Kl,sup,SL (LATAM),2,43,-0.0144,-0.278,49.8
Luana,top,TCL,2,27,-0.0144,-0.277,49.8
Umut,mid,TCL,2,27,-0.0144,-0.277,49.8
Draptix,top,LFL2,2,21,-0.0146,-0.282,49.7
Helaz,sup,LFL2,2,21,-0.0146,-0.282,49.7
Nikolex,jng,GLL,2,60,-0.0146,-0.282,49.7
Danteh,bot,LCO,2,26,-0.0147,-0.283,49.7
Fiant,bot,DDH,2,59,-0.0147,-0.283,49.7
Pak,mid,LFL2,2,26,-0.0147,-0.283,49.7
MC,jng,NLC,2,37,-0.0148,-0.285,49.7
Mia,sup,LLA,2,68,-0.0148,-0.286,49.6
Mordio,jng,PGC,2,30,-0.0149,-0.288,49.6
xiye,mid,LPL,1,25,-0.0149,-0.286,49.6
xzy,mid,LDL,2,61,-0.0149,-0.286,49.6
705,top,LDL,2,36,-0.015,-0.29,49.6
Able,bot,LPL,1,92,-0.0151,-0.29,49.6
Aki,jng,LPL,1,92,-0.0151,-0.29,49.6
shanji,top,LPL,1,92,-0.0151,-0.29,49.6
Forge,mid,LPL,1,65,-0.0152,-0.293,49.5
SeongHwan,jng,TCL,2,33,-0.0153,-0.295,49.5
Griffin,jng,PGC,2,21,-0.0155,-0.298,49.4
Blaze,bot,PCS,2,21,-0.0156,-0.301,49.4
Ejdercan,top,TAL,2,47,-0.0156,-0.3,49.4
Rythrod,mid,TAL,2,47,-0.0156,-0.3,49.4
Wonka,jng,TAL,2,47,-0.0156,-0.3,49.4
icecoKe,jng,LDL,2,29,-0.0156,-0.301,49.4
tako,jng,PCS,2,21,-0.0156,-0.301,49.4
Guigs,sup,CBLOLA,2,34,-0.0157,-0.303,49.3
Chime,sup,LCSA,2,115,-0.0159,-0.307,49.3
Flif,bot,ESLOL,2,43,-0.0159,-0.306,49.3
KearZy,sup,LHE,2,41,-0.016,-0.307,49.3
Burrito,top,LHE,2,53,-0.0161,-0.309,49.2
Six10,mid,PGN,2,42,-0.0161,-0.31,49.2
Tufi,sup,LHE,2,53,-0.0161,-0.309,49.2
Highway,sup,NLC,2,22,-0.0162,-0.312,49.2
ICON,mid,LPL,1,31,-0.0162,-0.312,49.2
Rodnaldinho,mid,LHE,2,26,-0.0162,-0.312,49.2
Warangelus,mid,LLA,2,29,-0.0162,-0.312,49.2
Allorim,top,PGC,2,66,-0.0163,-0.314,49.1
Lotus,mid,GLL,2,37,-0.0163,-0.314,49.1
Jauny,top,LLA,2,41,-0.0164,-0.316,49.1
Marti,mid,SL (LATAM),2,20,-0.0164,-0.316,49.1
PhenomEX,top,UPL,2,22,-0.0164,-0.316,49.1
Reversed,top,CBLOLA,2,28,-0.0164,-0.316,49.1
ZombieHog,bot,SL (LATAM),2,20,-0.0164,-0.316,49.1
bobista,top,HM,2,40,-0.0164,-0.316,49.1
PauFerran,sup,NEXO,2,20,-0.0165,-0.317,49.1
Kars,top,HC,2,22,-0.0167,-0.321,49.0
ST3PZ,bot,CBLOLA,2,35,-0.0167,-0.321,49.0
Faisal,top,PGC,2,76,-0.0168,-0.324,49.0
Ariana,mid,UL,2,46,-0.0169,-0.326,48.9
Cospect,sup,PGN,2,52,-0.017,-0.326,48.9
EdbyK,top,HM,2,26,-0.017,-0.327,48.9
Lauxio,sup,EBL,2,25,-0.017,-0.328,48.9
Mole,mid,LPL,1,28,-0.017,-0.328,48.9
Aliez,top,LDL,2,49,-0.0171,-0.329,48.9
Bolyy1,sup,UL,2,22,-0.0172,-0.331,48.8
Johnsun,bot,LCS,1,58,-0.0173,-0.332,48.8
Josedeodo,jng,LCS,1,58,-0.0173,-0.332,48.8
Swordblue,sup,UPL,2,37,-0.0173,-0.332,48.8
Thien,top,LCO,2,47,-0.0173,-0.332,48.8
Toucouille,mid,LCS,1,58,-0.0173,-0.332,48.8
aphromoo,sup,LCS,1,58,-0.0173,-0.332,48.8
Billy,sup,VL,2,22,-0.0174,-0.335,48.8
N3znamy,jng,HC,2,22,-0.0174,-0.334,48.8
Shlatan,jng,LEC,1,48,-0.0174,-0.334,48.8
lll,sup,GL,2,24,-0.0174,-0.335,48.8
vSack,bot,GL,2,24,-0.0174,-0.335,48.8
Perro,bot,LHE,2,50,-0.0175,-0.337,48.7
Spawn,bot,LCSA,2,80,-0.0175,-0.337,48.7
Kantoshi,top,GL,2,47,-0.0176,-0.338,48.7
Hatred,jng,EBL,2,34,-0.0177,-0.341,48.6
Just,sup,UPL,2,24,-0.0177,-0.341,48.6
Nary,top,HC,2,30,-0.0177,-0.339,48.7
Saintsu,jng,ESLOL,2,21,-0.0177,-0.341,48.6
Zaki,sup,HC,2,30,-0.0177,-0.339,48.7
Naz,jng,LMF,2,50,-0.0178,-0.341,48.6
Zothve,top,LLA,2,28,-0.018,-0.347,48.5
2y1,bot,LDL,2,60,-0.0181,-0.347,48.5
Lived,top,LCO,2,49,-0.0181,-0.348,48.5
Phlaty,mid,UL,2,24,-0.0181,-0.347,48.5
Eyhro,mid,NLC,2,36,-0.0182,-0.35,48.5
Goodo,jng,LCO,2,54,-0.0183,-0.352,48.4
Libra,top,GL,2,24,-0.0183,-0.351,48.5
Marzo,bot,HC,2,30,-0.0183,-0.351,48.5
Zaremba,sup,NLC,2,24,-0.0183,-0.352,48.4
xqw,mid,LDL,2,73,-0.0184,-0.353,48.4
NiuNai,jng,NEXO,2,23,-0.0185,-0.356,48.4
Peppe,mid,GLL,2,69,-0.0185,-0.355,48.4
Poweh,top,NEXO,2,23,-0.0185,-0.356,48.4
Strompest,top,PGC,2,46,-0.0185,-0.356,48.4
Vaynedeta,bot,GLL,2,69,-0.0185,-0.355,48.4
Yonna,sup,NEXO,2,23,-0.0185,-0.356,48.4
stillnumb,mid,TCL,2,45,-0.0187,-0.359,48.3
Apii,mid,LCO,2,49,-0.0191,-0.367,48.2
LeeSA,jng,LCO,2,49,-0.0191,-0.367,48.2
Baumeef,jng,HC,2,24,-0.0192,-0.369,48.2
Champen,top,HM,2,20,-0.0192,-0.369,48.1
DICE,mid,LJL,2,53,-0.0193,-0.371,48.1
RayFarky,top,LJL,2,53,-0.0193,-0.371,48.1
Yuhi,bot,LJL,2,53,-0.0193,-0.371,48.1
Deratero,jng,LHE,2,38,-0.0194,-0.373,48.1
Egotistic,bot,LHE,2,38,-0.0194,-0.373,48.1
Frosts,bot,LCO,2,22,-0.0194,-0.372,48.1
Melkior,mid,GL,2,40,-0.0195,-0.375,48.0
Seranok,mid,PGC,2,37,-0.0196,-0.376,48.0
YSKM,top,LDL,2,59,-0.0197,-0.379,48.0
Cavalo,sup,CBLOL,2,22,-0.0198,-0.379,48.0
Sparz,sup,TCL,2,22,-0.0198,-0.38,47.9
Lukezy,mid,PGN,2,32,-0.0203,-0.391,47.8
1Curioso,jng,SL (LATAM),2,42,-0.0204,-0.391,47.8
Emps,mid,UPL,2,22,-0.0205,-0.393,47.7
Messages,mid,PGC,2,48,-0.0205,-0.394,47.7
Hugato,jng,CBLOLA,2,42,-0.0206,-0.395,47.7
Poltron,jng,LCO,2,25,-0.0207,-0.396,47.7
Siuman,mid,LCO,2,25,-0.0207,-0.396,47.7
Taba,jng,PGN,2,44,-0.0207,-0.397,47.6
Indecision,jng,EBL,2,39,-0.021,-0.403,47.5
Sketch,bot,PGC,2,74,-0.021,-0.403,47.5
sheru,top,UL,2,36,-0.021,-0.402,47.6
Achuu,bot,PGN,2,34,-0.0211,-0.405,47.5
XinLiu,sup,LPL,1,69,-0.0211,-0.405,47.5
Zeussak,sup,HC,2,37,-0.0211,-0.405,47.5
Alan,mid,LFL2,2,45,-0.0212,-0.407,47.5
Rift,bot,LFL2,2,45,-0.0212,-0.407,47.5
SpeedoBear,sup,GLL,2,22,-0.0212,-0.408,47.5
Stormax,jng,LFL2,2,45,-0.0212,-0.407,47.5
Asza,bot,LFL,2,41,-0.0213,-0.408,47.5
Djoko,jng,LFL,2,41,-0.0213,-0.408,47.5
Kio,top,LFL,2,41,-0.0213,-0.408,47.5
Scarlet,mid,LFL,2,41,-0.0213,-0.408,47.5
Steeelback,sup,LFL,2,41,-0.0213,-0.408,47.5
Hoit,sup,LCK,1,74,-0.0214,-0.412,47.4
LiquidDiego,jng,DDH,2,56,-0.0214,-0.411,47.4
Pockus,sup,PGC,2,77,-0.0215,-0.413,47.4
Subbex,bot,EBL,2,28,-0.0215,-0.412,47.4
Toni,jng,NLC,2,36,-0.0215,-0.413,47.4
SCARY,jng,CBLOLA,2,36,-0.0218,-0.418,47.3
Benaset,sup,LFL2,2,42,-0.0219,-0.419,47.3
Dioge,mid,CBLOLA,2,25,-0.0219,-0.421,47.2
Pillo,top,DDH,2,61,-0.0219,-0.42,47.2
Seelame,bot,LFL2,2,42,-0.0219,-0.419,47.3
Serendip,mid,LFL2,2,42,-0.0219,-0.419,47.3
Vares,mid,DDH,2,61,-0.0219,-0.42,47.2
Wylenz,top,LFL2,2,42,-0.0219,-0.419,47.3
Zeypher,bot,DDH,2,61,-0.0219,-0.42,47.2
Dolis,mid,HC,2,24,-0.022,-0.421,47.2
Courage,jng,LCKC,2,25,-0.0221,-0.424,47.2
Fallouch,jng,GL,2,34,-0.0221,-0.424,47.2
xLiang,bot,LDL,2,27,-0.0221,-0.424,47.2
Biob,sup,VCS,2,44,-0.0222,-0.425,47.2
Master Jos,mid,GL,2,45,-0.0222,-0.427,47.1
aleykxar,bot,NEXO,2,27,-0.0223,-0.428,47.1
Dargod,sup,EBL,2,29,-0.0224,-0.429,47.1
Vex,bot,PGC,2,44,-0.0224,-0.43,47.1
Nightstar,bot,UPL,2,33,-0.0225,-0.432,47.0
Lunar,bot,PGC,2,45,-0.0226,-0.434,47.0
Munchy,jng,PGC,2,45,-0.0226,-0.434,47.0
Wondro,top,UL,2,49,-0.0226,-0.433,47.0
fate,sup,LPL,1,30,-0.0226,-0.434,47.0
Beige,jng,LDL,2,56,-0.0227,-0.436,47.0
CBL,sup,VCS,2,64,-0.0227,-0.435,47.0
Skyy,mid,DDH,2,39,-0.0227,-0.435,47.0
Hayha,sup,LMF,2,23,-0.0228,-0.438,46.9
Shakaa,bot,EL,2,33,-0.0229,-0.439,46.9
Soraaa,sup,VCS,2,38,-0.023,-0.441,46.9
Sloth,sup,TCL,2,42,-0.0231,-0.442,46.9
Jezu,bot,LEC,1,34,-0.0232,-0.445,46.8
Binky,mid,VL,2,60,-0.0234,-0.449,46.7
Zaetoz,bot,VL,2,60,-0.0234,-0.449,46.7
Zzzofia,sup,VL,2,60,-0.0234,-0.449,46.7
vins,top,VL,2,60,-0.0234,-0.449,46.7
Bull,bot,LCKC,2,72,-0.0235,-0.45,46.7
Daption,sup,PGC,2,40,-0.0235,-0.451,46.7
Cybonox,jng,HC,2,22,-0.0236,-0.452,46.7
Hierro,sup,EL,2,39,-0.0238,-0.457,46.6
LeitoF,jng,LMF,2,21,-0.0238,-0.457,46.6
dispel,sup,LCKC,2,53,-0.0238,-0.456,46.6
Hawk,sup,CBLOL,2,28,-0.0239,-0.459,46.6
Bazu,top,VL,2,32,-0.024,-0.459,46.6
Hungry,bot,LDL,2,54,-0.0242,-0.463,46.5
Shyelander,jng,NEXO,2,36,-0.0243,-0.466,46.5
Tay,top,CBLOL,2,36,-0.0243,-0.466,46.5
escoX,sup,NEXO,2,23,-0.0243,-0.465,46.5
zs,top,LPL,1,24,-0.0243,-0.465,46.5
Pun,top,VCS,2,36,-0.0245,-0.469,46.4
HAKA,top,EL,2,36,-0.0246,-0.471,46.4
Jisung,top,PGC,2,22,-0.0247,-0.473,46.3
Karakal Jr,sup,NLC,2,20,-0.0247,-0.474,46.3
Denathor,top,UPL,2,42,-0.0248,-0.475,46.3
Disconnector,bot,UPL,2,47,-0.0249,-0.476,46.3
Draco,top,PGC,2,30,-0.025,-0.479,46.2
Hadess,jng,LVP SL,2,53,-0.0251,-0.482,46.2
Pridestalkr,jng,LCS,1,33,-0.0251,-0.481,46.2
Piwek,bot,UL,2,27,-0.0253,-0.485,46.1
Keaiduo,mid,LCSA,2,26,-0.0254,-0.486,46.1
Allerz,sup,SL (LATAM),2,32,-0.0256,-0.491,46.0
Ruf,bot,UL,2,34,-0.0257,-0.492,46.0
Bako,top,GLL,2,67,-0.0258,-0.494,46.0
Bruness,jng,GLL,2,49,-0.0258,-0.494,46.0
NinjaKiwi,bot,CBLOL,2,33,-0.0258,-0.494,46.0
Pyl,sup,LMF,2,48,-0.026,-0.498,45.9
Baybror,bot,UL,2,37,-0.0261,-0.501,45.9
Chinra,sup,LHE,2,21,-0.0264,-0.506,45.8
Raptor,jng,LCKC,2,45,-0.0264,-0.505,45.8
RoyalKanin,mid,ESLOL,2,65,-0.0265,-0.507,45.8
Way,sup,LCKC,2,22,-0.0265,-0.508,45.8
DEV1L,jng,GLL,2,20,-0.0267,-0.512,45.7
IvanD,bot,LPLOL,2,20,-0.0269,-0.515,45.6
Crus,bot,LMF,2,42,-0.027,-0.517,45.6
Fayonix,mid,DDH,2,37,-0.027,-0.518,45.6
Loop,top,UPL,2,25,-0.027,-0.517,45.6
Meteoro,sup,DDH,2,22,-0.027,-0.517,45.6
Cerasus,sup,LDL,2,46,-0.0271,-0.518,45.6
Foxy,bot,GL,2,22,-0.0271,-0.519,45.6
Leocich,top,SL (LATAM),2,26,-0.0271,-0.519,45.6
Manuelcap,sup,DDH,2,22,-0.0271,-0.518,45.6
Martote,top,LMF,2,22,-0.0271,-0.519,45.6
Clyde,sup,PGC,2,29,-0.0272,-0.521,45.5
Jouzef,jng,UPL,2,20,-0.0273,-0.524,45.5
YuNIshinoya,sup,UL,2,44,-0.0273,-0.522,45.5
r0bbed,top,HM,2,27,-0.0274,-0.524,45.5
OmulFinn,jng,ESLOL,2,23,-0.0276,-0.528,45.4
V1per,top,LCSA,2,51,-0.0276,-0.529,45.4
Hoon,top,TCL,2,43,-0.0277,-0.531,45.4
Keres,sup,PCS,2,48,-0.0277,-0.53,45.4
Killerqueen,jng,VCS,2,69,-0.0277,-0.531,45.4
Neith,sup,VL,2,21,-0.0277,-0.531,45.4
Chazz,mid,ESLOL,2,22,-0.0279,-0.535,45.3
Jeremy,bot,PGC,2,43,-0.0279,-0.535,45.3
Messi,sup,DDH,2,57,-0.028,-0.537,45.3
Bini,bot,TCL,2,27,-0.0281,-0.539,45.2
Nazrat,mid,HM,2,20,-0.0283,-0.542,45.2
XLC,sup,LDL,2,22,-0.0283,-0.541,45.2
Ruxal,mid,NEXO,2,26,-0.0284,-0.544,45.2
Faded,mid,GLL,2,22,-0.0286,-0.547,45.1
Wen,mid,PCS,2,64,-0.0286,-0.547,45.1
Fisher,mid,LCKC,2,33,-0.0287,-0.549,45.1
Marrow Ooze,mid,ESLOL,2,20,-0.0287,-0.55,45.1
SophistSage,bot,UPL,2,39,-0.0288,-0.55,45.0
Cube,top,LPL,1,84,-0.0289,-0.553,45.0
gunkrab,bot,LCO,2,21,-0.0289,-0.552,45.0
iBoy,bot,LPL,1,84,-0.0289,-0.553,45.0
Parus,sup,TCL,2,39,-0.029,-0.556,45.0
Ranger,jng,CBLOL,2,36,-0.029,-0.555,45.0
choego,bot,UL,2,28,-0.029,-0.556,45.0
Creatore,sup,LHE,2,26,-0.0291,-0.556,45.0
Yupps,top,CBLOLA,2,32,-0.0291,-0.556,45.0
Zekja,bot,GLL,2,23,-0.0291,-0.558,44.9
Zaiiche,top,NEXO,2,22,-0.0293,-0.561,44.9
Silk,mid,UL,2,25,-0.0294,-0.562,44.9
Kadaver,bot,ESLOL,2,52,-0.0295,-0.565,44.8
Meaning,top,LCKC,2,70,-0.0295,-0.564,44.8
Shernfire,jng,LFL,2,40,-0.0295,-0.565,44.8
Twiizt,sup,LFL,2,40,-0.0295,-0.565,44.8
danny1018,top,LDL,2,26,-0.0296,-0.566,44.8
Aria,mid,LCK,1,38,-0.0297,-0.568,44.8
Elramir,jng,TCL,2,45,-0.0297,-0.568,44.8
Climber,jng,LDL,2,36,-0.0299,-0.573,44.7
Geiger,top,PGC,2,36,-0.0299,-0.572,44.7
suki,sup,LDL,2,36,-0.0299,-0.573,44.7
shibi,jng,HC,2,28,-0.0301,-0.575,44.6
Hidan,top,CBLOLA,2,41,-0.0302,-0.577,44.6
Prove,sup,LCKC,2,36,-0.0303,-0.579,44.6
Sander,top,DDH,2,21,-0.0303,-0.579,44.6
Junder,top,GL,2,45,-0.0305,-0.584,44.5
Kebap,top,TAL,2,31,-0.0307,-0.588,44.4
Stay,bot,LDL,2,63,-0.0307,-0.588,44.4
AdrYh,sup,SL (LATAM),2,20,-0.0308,-0.589,44.4
Dmitar,jng,EBL,2,32,-0.0308,-0.59,44.4
Mystiques,sup,PRM,2,45,-0.031,-0.592,44.4
Peep,bot,LHE,2,36,-0.031,-0.593,44.4
rayq,mid,VCS,2,22,-0.031,-0.593,44.4
Dragonmin,jng,UPL,2,38,-0.0311,-0.596,44.3
KSAEZ,mid,TCL,2,43,-0.0311,-0.595,44.3
Sive,sup,CBLOL,2,21,-0.0311,-0.595,44.3
Solu,jng,SL (LATAM),2,20,-0.0311,-0.596,44.3
Carlsen,top,NLC,2,63,-0.0312,-0.597,44.3
Chrisberg,bot,NLC,2,63,-0.0312,-0.597,44.3
Sencux,mid,NLC,2,63,-0.0312,-0.597,44.3
Taxer,jng,NLC,2,63,-0.0312,-0.597,44.3
Drakehero,jng,CBLOLA,2,39,-0.0313,-0.6,44.3
Hype,bot,LCKC,2,38,-0.0313,-0.599,44.3
RAV3N,bot,CBLOLA,2,39,-0.0313,-0.6,44.3
Xhow,jng,LDL,2,22,-0.0314,-0.6,44.2
Pimen,mid,NEXO,2,25,-0.0315,-0.603,44.2
Azitor,bot,NLC,2,34,-0.0317,-0.606,44.1
Jellou,bot,HM,2,22,-0.0317,-0.607,44.1
PmK,top,HC,2,21,-0.0317,-0.607,44.1
Michi,bot,LDL,2,27,-0.0318,-0.609,44.1
Jenkins,top,LCSA,2,67,-0.0319,-0.61,44.1
Minit,sup,LCKC,2,66,-0.032,-0.613,44.0
Arrow,bot,LCSA,2,89,-0.0322,-0.615,44.0
Karoq,mid,LPLOL,2,30,-0.0322,-0.617,44.0
Orion,bot,ESLOL,2,74,-0.0322,-0.616,44.0
Orrisot,mid,TAL,2,36,-0.0322,-0.615,44.0
Tito,bot,LFL2,2,32,-0.0322,-0.615,44.0
Wapode,bot,HC,2,25,-0.0322,-0.615,44.0
coing,mid,PGN,2,20,-0.0322,-0.617,44.0
Celo,bot,CBLOL,2,41,-0.0325,-0.622,43.9
Witek,jng,UL,2,20,-0.0325,-0.622,43.9
Steellar,top,DDH,2,56,-0.0326,-0.623,43.9
Benda,mid,HC,2,44,-0.0327,-0.626,43.8
Ibai,bot,NEXO,2,40,-0.0327,-0.626,43.8
scamber,sup,CBLOLA,2,35,-0.0327,-0.625,43.9
Gilius,jng,LEC,1,36,-0.0328,-0.628,43.8
JNX,top,LEC,1,36,-0.0328,-0.628,43.8
Sertuss,mid,LEC,1,36,-0.0328,-0.628,43.8
Treatz,sup,LEC,1,36,-0.0328,-0.628,43.8
jinjo,bot,PRM,2,59,-0.0331,-0.634,43.7
Actor,jng,PGC,2,21,-0.0333,-0.637,43.7
Hobko,sup,HC,2,26,-0.0333,-0.637,43.7
Moham,sup,LCK,1,27,-0.0334,-0.639,43.6
Nemesis9,mid,PGC,2,48,-0.0334,-0.639,43.6
Xiaolaohu,top,LPL,1,64,-0.0334,-0.639,43.6
5K,top,LDL,2,43,-0.0337,-0.645,43.5
Leyan,jng,LPL,1,87,-0.0337,-0.645,43.5
Strive,mid,LPL,1,87,-0.0337,-0.645,43.5
Cody Sun,bot,LFL,2,43,-0.0338,-0.646,43.5
Hybridzz,top,PGC,2,20,-0.0338,-0.646,43.5
Rigel,top,VCS,2,28,-0.0338,-0.646,43.5
Kirt,top,PCS,2,25,-0.0341,-0.651,43.4
Madly,top,TCL,2,45,-0.0341,-0.652,43.4
Minui,bot,PGC,2,45,-0.0342,-0.654,43.4
Piu Piu,bot,SL (LATAM),2,51,-0.0342,-0.654,43.4
Miaoniu,sup,LDL,2,28,-0.0343,-0.656,43.4
Snow2,sup,UPL,2,20,-0.0343,-0.655,43.4
Xaky,mid,LVP SL,2,26,-0.0343,-0.655,43.4
BuLLDoG,mid,LCKC,2,75,-0.0345,-0.661,43.3
IlllIma,top,LCKC,2,75,-0.0345,-0.661,43.3
Cuest1oN,bot,SL (LATAM),2,44,-0.0347,-0.663,43.3
Violet,sup,LCSA,2,36,-0.0347,-0.663,43.3
Erha,mid,LDL,2,43,-0.0348,-0.665,43.2
Maykel,bot,UPL,2,20,-0.0348,-0.665,43.2
zorenous,top,LCO,2,46,-0.0348,-0.665,43.2
Kui,jng,LPL,1,20,-0.0351,-0.671,43.1
LightFall,top,NEXO,2,23,-0.0351,-0.67,43.2
Speedy,jng,HM,2,35,-0.0352,-0.672,43.1
Strode,bot,HM,2,35,-0.0352,-0.672,43.1
Syrpy,sup,HM,2,35,-0.0352,-0.672,43.1
ordno,mid,HM,2,35,-0.0352,-0.672,43.1
Hyo,jng,VCS,2,28,-0.0354,-0.676,43.1
Interor,top,HM,2,23,-0.0354,-0.677,43.1
Tamoz,top,LFL2,2,47,-0.0354,-0.678,43.0
Xaiyen,jng,EBL,2,30,-0.0354,-0.676,43.1
Envy Carry,mid,PRM,2,31,-0.0355,-0.678,43.0
Kaito,mid,LJL,2,39,-0.0355,-0.679,43.0
Quinncidence,top,PRM,2,31,-0.0355,-0.678,43.0
silkysmath,bot,PRM,2,31,-0.0355,-0.678,43.0
Neramin,bot,TCL,2,36,-0.0357,-0.682,43.0
Sinner Crow,mid,SL (LATAM),2,25,-0.0358,-0.685,42.9
dtro,sup,UPL,2,29,-0.0358,-0.684,42.9
iOC,bot,SL (LATAM),2,25,-0.0358,-0.685,42.9
Deletus,jng,ESLOL,2,31,-0.036,-0.689,42.9
riversided,mid,UPL,2,20,-0.036,-0.688,42.9
Daedra,mid,LMF,2,45,-0.0361,-0.69,42.9
Misaki,top,LPLOL,2,26,-0.0362,-0.692,42.8
s0ul,top,LCSA,2,81,-0.0362,-0.692,42.8
Grafo,mid,LMF,2,23,-0.0363,-0.694,42.8
zEkO,top,LMF,2,23,-0.0363,-0.694,42.8
Garp,top,LFL2,2,20,-0.0364,-0.695,42.8
Lionel,bot,LCO,2,28,-0.0364,-0.696,42.8
Ablazeolive,mid,LCS,1,47,-0.0366,-0.699,42.7
Coten,top,LDL,2,32,-0.0366,-0.7,42.7
Loers,mid,DDH,2,31,-0.0366,-0.699,42.7
Ophelia,mid,LCKC,2,44,-0.0366,-0.7,42.7
Wink,sup,LPL,1,67,-0.0366,-0.699,42.7
promisq,sup,UL,2,61,-0.0366,-0.7,42.7
Chente,jng,DDH,2,23,-0.0367,-0.702,42.7
Kaori,bot,LCSA,2,109,-0.0367,-0.702,42.7
Ucal,mid,LPL,1,85,-0.0369,-0.704,42.6
Han Jae,mid,PGC,2,24,-0.037,-0.707,42.6
Yuta,jng,UL,2,28,-0.0372,-0.712,42.5
Leoo,sup,TAL,2,23,-0.0373,-0.714,42.5
Emvipi,jng,NEXO,2,46,-0.0374,-0.715,42.5
Frost4,jng,UPL,2,74,-0.0374,-0.714,42.5
Kingston,jng,TAL,2,29,-0.0374,-0.715,42.5
Raluxu,jng,LPLOL,2,21,-0.0375,-0.717,42.4
Avano,mid,PGC,2,72,-0.0377,-0.72,42.4
Holo,jng,PCS,2,54,-0.0378,-0.722,42.4
MnM,bot,PCS,2,54,-0.0378,-0.722,42.4
Pretender,mid,PCS,2,54,-0.0378,-0.722,42.4
Shamwwow,top,UPL,2,23,-0.0378,-0.722,42.4
Clarence,jng,LVP SL,2,24,-0.0381,-0.728,42.3
William4,mid,LFL2,2,20,-0.0381,-0.727,42.3
BetaTwinz,sup,DDH,2,31,-0.0382,-0.731,42.3
Kimi,bot,LMF,2,22,-0.0386,-0.737,42.2
Scrappy,top,LMF,2,22,-0.0386,-0.737,42.2
SryNotSry,jng,LMF,2,22,-0.0386,-0.737,42.2
Assum,bot,LPL,1,50,-0.0387,-0.739,42.1
beishang,jng,LPL,1,47,-0.0387,-0.739,42.1
IceBox,top,LHE,2,43,-0.0388,-0.741,42.1
MrMemox,bot,DDH,2,23,-0.0388,-0.742,42.1
Baekho,jng,PGC,2,73,-0.039,-0.745,42.1
Emarlin,mid,EL,2,27,-0.0391,-0.747,42.0
Lost,bot,LCS,1,40,-0.0391,-0.747,42.0
playcool,mid,VCS,2,35,-0.0393,-0.752,41.9
Adison,bot,UL,2,56,-0.0394,-0.753,41.9
Badlyyga,jng,UL,2,56,-0.0394,-0.753,41.9
Grzybek,top,UL,2,56,-0.0394,-0.753,41.9
Machine,bot,TAL,2,26,-0.0395,-0.755,41.9
Flare,bot,CBLOL,2,36,-0.0396,-0.756,41.9
Jiashi,mid,CBLOLA,2,25,-0.0396,-0.756,41.9
Tutsz,mid,CBLOL,2,36,-0.0396,-0.756,41.9
xingluo,jng,LDL,2,30,-0.0398,-0.76,41.8
Kadir,jng,LVP SL,2,44,-0.04,-0.764,41.8
Lure,bot,LCKC,2,34,-0.04,-0.765,41.8
Marky,top,LVP SL,2,44,-0.04,-0.764,41.8
Nnicky,mid,LMF,2,42,-0.04,-0.764,41.8
Tazaku,bot,LVP SL,2,44,-0.04,-0.764,41.8
Xicor,bot,LFL,2,21,-0.04,-0.764,41.8
Warszi,mid,UL,2,47,-0.0401,-0.767,41.7
Nemoh,sup,LJL,2,46,-0.0402,-0.768,41.7
Vit,bot,VCS,2,31,-0.0402,-0.769,41.7
BoilTheOil,top,PGC,2,23,-0.0403,-0.77,41.7
Xypherz,jng,LMF,2,48,-0.0404,-0.773,41.6
Bulldawg,sup,LCO,2,38,-0.041,-0.783,41.5
Gagai,bot,GLL,2,23,-0.041,-0.783,41.5
Psilakhs,jng,GLL,2,23,-0.041,-0.783,41.5
xCharm,sup,UL,2,27,-0.041,-0.783,41.5
Pyrka,sup,LVP SL,2,40,-0.0411,-0.784,41.5
xKenzuke,mid,LVP SL,2,40,-0.0411,-0.784,41.5
ElOjoInka,jng,SL (LATAM),2,31,-0.0413,-0.79,41.4
Ivok,top,GLL,2,28,-0.0413,-0.79,41.4
Lot,top,TCL,2,37,-0.0414,-0.79,41.4
MGX,mid,TCL,2,37,-0.0414,-0.79,41.4
Julbu,jng,PGN,2,26,-0.0416,-0.794,41.3
Mori,jng,LDL,2,68,-0.0416,-0.794,41.3
Munian,top,LDL,2,68,-0.0416,-0.794,41.3
Cassin,jng,LJL,2,50,-0.0417,-0.797,41.3
HyBriD,bot,LJL,2,50,-0.0417,-0.797,41.3
Nap,top,LJL,2,50,-0.0417,-0.797,41.3
Zhadox,jng,UPL,2,22,-0.0417,-0.796,41.3
Bardito,sup,LLA,2,33,-0.0418,-0.798,41.3
Muja,mid,CBLOLA,2,41,-0.0418,-0.799,41.3
Soligo,mid,LCSA,2,88,-0.0418,-0.799,41.3
Srtty,top,LCSA,2,88,-0.0418,-0.799,41.3
Tomio,jng,LCSA,2,88,-0.0418,-0.799,41.3
Conse,top,PGN,2,45,-0.0421,-0.805,41.2
Shawi,sup,TCL,2,32,-0.0421,-0.804,41.2
Lothen,bot,UL,2,30,-0.0422,-0.806,41.2
Olleh,sup,LCS,1,43,-0.0422,-0.806,41.2
Urban,jng,ESLOL,2,35,-0.0422,-0.805,41.2
HamBak,jng,LCKC,2,74,-0.0423,-0.807,41.2
Skanito,sup,SL (LATAM),2,34,-0.0423,-0.807,41.2
1ssue,sup,PCS,2,21,-0.0424,-0.81,41.1
Easylove,bot,VCS,2,21,-0.0424,-0.811,41.1
LE0,mid,PGC,2,64,-0.0425,-0.812,41.1
Shade,bot,EL,2,38,-0.0426,-0.813,41.1
Juzo,bot,CBLOLA,2,41,-0.0427,-0.816,41.0
Soma,sup,UPL,2,21,-0.0427,-0.816,41.0
Soweto,jng,CBLOLA,2,41,-0.0427,-0.816,41.0
Tomeito,bot,PGC,2,29,-0.0427,-0.816,41.0
Woodboy,sup,CBLOLA,2,41,-0.0427,-0.816,41.0
g3tH,sup,LMF,2,22,-0.0428,-0.818,41.0
Fang,mid,LHE,2,28,-0.0429,-0.819,41.0
Guang,sup,LDL,2,28,-0.0429,-0.82,41.0
Mobility,bot,UPL,2,47,-0.0429,-0.819,41.0
BroCColi,jng,TCL,2,36,-0.0432,-0.825,40.9
Sh4dowUS,jng,UL,2,54,-0.0434,-0.828,40.9
Therru,top,SL (LATAM),2,40,-0.0434,-0.828,40.9
Xerxe,jng,LCS,1,39,-0.0434,-0.83,40.9
Gralou,sup,LHE,2,34,-0.0436,-0.832,40.8
F4rg,top,LPLOL,2,35,-0.0437,-0.834,40.8
Jonhy,bot,LPLOL,2,35,-0.0437,-0.834,40.8
Kamyta,sup,LPLOL,2,35,-0.0437,-0.834,40.8
Xin,sup,LDL,2,40,-0.0437,-0.834,40.8
yanjee,jng,LPLOL,2,35,-0.0437,-0.834,40.8
Looca,top,ESLOL,2,46,-0.0438,-0.836,40.8
Sh3ry,bot,NEXO,2,43,-0.044,-0.841,40.7
yiyi,mid,LDL,2,20,-0.0441,-0.843,40.7
Akemi,top,VL,2,36,-0.0442,-0.843,40.7
Binggan,top,LDL,2,31,-0.0442,-0.844,40.7
Maple,mid,LCS,1,38,-0.0443,-0.846,40.6
Vichen,jng,LFL2,2,37,-0.0443,-0.846,40.6
Tercote,mid,SL (LATAM),2,33,-0.0447,-0.853,40.5
Blackengel,mid,EL,2,30,-0.0448,-0.855,40.5
Anyyy,mid,CBLOL,2,42,-0.0449,-0.858,40.5
DoRun,top,CBLOL,2,42,-0.0449,-0.858,40.5
yuyanjia,sup,LPL,1,67,-0.045,-0.859,40.5
Xun,jng,LPL,1,96,-0.0454,-0.867,40.4
Eirlys,mid,VCS,2,21,-0.0457,-0.873,40.3
ICU,top,PCS,2,24,-0.0457,-0.872,40.3
Listo,jng,LCKC,2,23,-0.0457,-0.872,40.3
KNEZA,bot,HC,2,38,-0.0458,-0.875,40.3
Leo D Aras,sup,GLL,2,26,-0.0459,-0.877,40.2
Yanxiang,jng,LDL,2,75,-0.0459,-0.877,40.2
Huni,top,LCS,1,25,-0.046,-0.878,40.2
Ribu,mid,UL,2,26,-0.046,-0.878,40.2
Zimba,sup,UL,2,26,-0.046,-0.878,40.2
mumek,bot,UL,2,26,-0.046,-0.878,40.2
Paradox,sup,PGN,2,28,-0.0461,-0.881,40.2
Sandalo,top,PGN,2,28,-0.0461,-0.881,40.2
Fallen,jng,LFL2,2,30,-0.0462,-0.883,40.1
Snoopy,bot,SL (LATAM),2,35,-0.0463,-0.883,40.1
Tempos,sup,PGC,2,29,-0.0463,-0.885,40.1
XERSUS,sup,LFL2,2,41,-0.0464,-0.886,40.1
omly,mid,PGC,2,26,-0.0465,-0.887,40.1
EL,jng,TCL,2,22,-0.0466,-0.89,40.1
Juanma,sup,DDH,2,29,-0.0466,-0.89,40.0
Sips,top,NLC,2,25,-0.0467,-0.892,40.0
Taewang,sup,UL,2,26,-0.0467,-0.893,40.0
Lakerz,top,GLL,2,28,-0.0468,-0.894,40.0
NegroNE,jng,LHE,2,26,-0.0468,-0.894,40.0
Enosh,bot,LAS,2,38,-0.0469,-0.895,40.0
Kenapil,jng,GLL,2,38,-0.0469,-0.895,40.0
Ten10,mid,LCKC,2,40,-0.0469,-0.896,40.0
Firetheft,top,UPL,2,41,-0.047,-0.898,39.9
bucu,mid,UL,2,27,-0.0472,-0.901,39.9
Mrozku,mid,UL,2,59,-0.0473,-0.904,39.9
Domoles,mid,UL,2,36,-0.0474,-0.905,39.9
Kozi,top,UL,2,36,-0.0474,-0.905,39.9
Rapid,jng,PGC,2,39,-0.0474,-0.905,39.9
Robertoos,sup,UL,2,36,-0.0474,-0.905,39.9
Saya,jng,GL,2,38,-0.0476,-0.909,39.8
GFP,jng,UPL,2,62,-0.0478,-0.912,39.8
LRK,jng,CBLOLA,2,24,-0.0481,-0.918,39.7
Yoshino,top,VCS,2,48,-0.0482,-0.921,39.7
Yursan,sup,LCSA,2,45,-0.0482,-0.92,39.7
UNZY,sup,TAL,2,28,-0.0487,-0.929,39.6
Kim Down,sup,UPL,2,63,-0.0488,-0.932,39.5
Overture,top,LDL,2,38,-0.0488,-0.931,39.5
Ravey,top,EL,2,26,-0.0488,-0.932,39.5
Zanzarah,jng,LEC,1,49,-0.0488,-0.931,39.5
Arashi,jng,PCS,2,28,-0.049,-0.935,39.5
Warner,mid,TAL,2,35,-0.0492,-0.939,39.4
ZKG,bot,UPL,2,23,-0.0494,-0.942,39.4
Savage,mid,PGC,2,37,-0.0495,-0.945,39.3
Badlulu,top,LFL,2,45,-0.0497,-0.948,39.3
Memento,jng,LFL,2,45,-0.0497,-0.948,39.3
Raxxo,sup,LFL,2,45,-0.0497,-0.948,39.3
zhìì,mid,ESLOL,2,40,-0.0499,-0.952,39.3
QiuQiu,sup,LPL,1,77,-0.05,-0.954,39.2
Siicked,sup,LMF,2,45,-0.05,-0.954,39.2
xGenesis,top,ESLOL,2,24,-0.05,-0.955,39.2
Airren,bot,UPL,2,73,-0.0503,-0.961,39.2
YeG,sup,LPL,1,40,-0.0504,-0.962,39.1
Misstery,bot,LHE,2,22,-0.0506,-0.965,39.1
child,sup,LHE,2,22,-0.0506,-0.965,39.1
Concept,top,LCSA,2,95,-0.0507,-0.967,39.1
Akainu,mid,LJLA,2,20,-0.0508,-0.97,39.0
Bojji,jng,VCS,2,26,-0.0508,-0.97,39.0
Moyashi,bot,LJLA,2,20,-0.0508,-0.97,39.0
Popon,jng,LJLA,2,20,-0.0508,-0.97,39.0
Ricky,top,LJLA,2,20,-0.0508,-0.97,39.0
chilioil,sup,LJLA,2,20,-0.0508,-0.97,39.0
Lawrence,top,PGC,2,68,-0.0511,-0.974,39.0
Dajor,mid,LEC,1,36,-0.0512,-0.978,39.0
Kobbe,bot,LEC,1,36,-0.0512,-0.978,39.0
Tactical,bot,LCS,1,59,-0.0512,-0.978,39.0
Licorice,top,LCS,1,45,-0.0513,-0.98,38.9
Yampi,jng,CBLOL,2,36,-0.0513,-0.98,38.9
micaO,bot,CBLOL,2,36,-0.0513,-0.98,38.9
Pinky,top,GL,2,24,-0.0514,-0.981,38.9
Bubble,mid,LDL,2,36,-0.0515,-0.984,38.9
Marth,bot,DDH,2,55,-0.0515,-0.982,38.9
Petoska,top,NLC,2,26,-0.0518,-0.988,38.8
MOMER,top,TAL,2,23,-0.052,-0.993,38.8
Spica,jng,LCS,1,46,-0.052,-0.993,38.8
Ellim,jng,LCK,1,92,-0.0524,-0.999,38.7
FATE,mid,LCK,1,92,-0.0524,-0.999,38.7
Kiin,top,LCK,1,92,-0.0524,-0.999,38.7
Teddy,bot,LCK,1,92,-0.0524,-0.999,38.7
Knika,top,NEXO,2,35,-0.0525,-1.003,38.7
Harder,mid,LDL,2,39,-0.0526,-1.003,38.6
Morgan,top,LCK,1,75,-0.0526,-1.004,38.6
EvanRL,bot,PGC,2,47,-0.0527,-1.006,38.6
LIMIT,sup,LEC,1,25,-0.053,-1.011,38.6
LeQu,top,UL,2,45,-0.0531,-1.014,38.5
Sleeping,top,PRM,2,29,-0.0533,-1.018,38.5
Rod,jng,LMF,2,22,-0.0535,-1.021,38.4
Yuekai,mid,LPL,1,56,-0.0536,-1.023,38.4
Desire,mid,LDL,2,29,-0.0537,-1.025,38.4
Betty,bot,LPL,1,83,-0.054,-1.03,38.3
Xiaohao,jng,LPL,1,83,-0.054,-1.03,38.3
Zdz,top,LPL,1,83,-0.054,-1.03,38.3
Mettoe,mid,ESLOL,2,35,-0.0542,-1.034,38.3
Jay,sup,LPL,1,30,-0.0543,-1.037,38.3
Canna,top,LCK,1,83,-0.0544,-1.039,38.2
Pehrson,sup,NLC,2,27,-0.0544,-1.037,38.2
Oda,jng,NEXO,2,20,-0.0545,-1.041,38.2
Zin,sup,VCS,2,38,-0.0546,-1.042,38.2
2T,top,VCS,2,46,-0.0547,-1.044,38.2
Chuz,mid,LCSA,2,20,-0.0547,-1.044,38.2
Absolute,sup,LFL,2,40,-0.0548,-1.045,38.2
Whiplash,sup,GL,2,42,-0.0548,-1.047,38.1
Zoom,top,LPL,1,49,-0.0548,-1.046,38.1
Bdd,mid,LCK,1,82,-0.0552,-1.053,38.1
DrChaos,sup,NLC,2,20,-0.0552,-1.053,38.1
zzl,mid,LDL,2,24,-0.0555,-1.059,38.0
ChiQQQ,bot,NEXO,2,27,-0.0558,-1.065,37.9
Miyuuri,sup,NEXO,2,27,-0.0558,-1.065,37.9
Sheja,bot,HM,2,30,-0.056,-1.069,37.9
Alann,bot,DDH,2,49,-0.0561,-1.071,37.9
Rumiki,top,LDL,2,25,-0.0564,-1.076,37.8
Mega,sup,EL,2,27,-0.0567,-1.081,37.8
Kenji,sup,PGC,2,58,-0.0568,-1.083,37.7
Dread,jng,LCK,1,83,-0.0569,-1.085,37.7
Lezar,mid,PCS,2,26,-0.057,-1.088,37.7
Tuomari,jng,ESLOL,2,28,-0.0571,-1.089,37.7
Pseudo,sup,PGC,2,46,-0.0573,-1.094,37.6
Hena,bot,LCK,1,84,-0.0574,-1.095,37.6
Sof,jng,NLC,2,63,-0.0575,-1.097,37.6
WhiteKnight,top,LVP SL,2,55,-0.0575,-1.097,37.6
Relife,jng,LDL,2,45,-0.0576,-1.099,37.6
Rubi0o,top,LVP SL,2,27,-0.058,-1.107,37.5
Sang,bot,LMF,2,23,-0.058,-1.106,37.5
Berik,top,PGC,2,50,-0.0582,-1.109,37.4
Cinna,mid,PGC,2,50,-0.0582,-1.109,37.4
Dec0y,top,PGC,2,40,-0.0582,-1.111,37.4
duong pro,jng,PGC,2,50,-0.0582,-1.109,37.4
Ralyk,mid,UPL,2,20,-0.0584,-1.114,37.4
Gonti,top,DDH,2,51,-0.0589,-1.124,37.3
Gamin,bot,LCKC,2,60,-0.0591,-1.128,37.3
Hang,sup,LPL,1,117,-0.0591,-1.128,37.3
YellowYoshi,top,LJL,2,31,-0.0591,-1.128,37.3
Kaylem,top,NLC,2,54,-0.0593,-1.132,37.2
Pop9,jng,PCS,2,42,-0.0595,-1.135,37.2
Regi,jng,LMF,2,47,-0.0595,-1.136,37.2
Shad0w,jng,LPL,1,64,-0.0595,-1.135,37.2
Misterdot,bot,UPL,2,37,-0.0596,-1.137,37.2
Diagu,jng,UL,2,39,-0.0598,-1.141,37.1
Sengio,bot,GLL,2,20,-0.0598,-1.141,37.1
Lio,jng,DDH,2,34,-0.06,-1.145,37.1
Kulvas,top,GLL,2,50,-0.0602,-1.148,37.0
STANIK,mid,HC,2,37,-0.0602,-1.149,37.0
Thomas Shen,bot,LCO,2,23,-0.0604,-1.152,37.0
Onat,mid,UPL,2,30,-0.0605,-1.153,37.0
Xoura,mid,PRM,2,24,-0.0605,-1.154,37.0
Jaqen,top,UL,2,47,-0.0607,-1.157,36.9
Ice,bot,LCKC,2,66,-0.0609,-1.162,36.9
Bung,bot,PRM,2,45,-0.061,-1.164,36.9
WillTheScout,sup,GLL,2,39,-0.0611,-1.166,36.9
Wuming,mid,LDL,2,69,-0.0612,-1.168,36.8
Zika,top,LPL,1,76,-0.0612,-1.168,36.8
Krysia,jng,UL,2,32,-0.0616,-1.175,36.8
View,jng,LPL,1,41,-0.0617,-1.177,36.8
Feliz,bot,LAS,2,28,-0.0618,-1.179,36.7
Flozel,sup,LAS,2,28,-0.0618,-1.179,36.7
Pollu,sup,LAS,2,26,-0.0618,-1.178,36.7
Cleaver,mid,LAS,2,28,-0.062,-1.183,36.7
Guardian,top,LAS,2,28,-0.062,-1.183,36.7
Kepa,sup,LAS,2,28,-0.062,-1.183,36.7
Whisper,bot,LAS,2,28,-0.062,-1.183,36.7
Lvsyan,mid,ESLOL,2,35,-0.0623,-1.189,36.6
Tobi4,top,ESLOL,2,35,-0.0623,-1.189,36.6
ShorterACE,jng,PGC,2,39,-0.0625,-1.192,36.6
androM,mid,SL (LATAM),2,48,-0.0632,-1.206,36.5
Prank,top,UPL,2,46,-0.0633,-1.208,36.4
Machete,jng,LAS,2,29,-0.0636,-1.213,36.4
Wamdejo,bot,VL,2,22,-0.0636,-1.213,36.4
Flawless,jng,LJL,2,63,-0.0637,-1.214,36.4
Effort,sup,LCK,1,36,-0.0638,-1.216,36.4
fearness,top,LPL,1,73,-0.0639,-1.219,36.3
minghai,sup,LDL,2,32,-0.0639,-1.219,36.3
tyrin,top,CBLOL,2,36,-0.0639,-1.218,36.3
Lmzs,mid,EBL,2,42,-0.064,-1.221,36.3
Shredder,sup,PGN,2,37,-0.0641,-1.223,36.3
Taco,top,PCS,2,45,-0.0642,-1.224,36.3
Whale,bot,PCS,2,45,-0.0642,-1.224,36.3
TynX,jng,LVP SL,2,46,-0.0644,-1.227,36.3
Biofrost,sup,LCS,1,46,-0.0645,-1.23,36.2
Arfyss,top,LHE,2,39,-0.0646,-1.233,36.2
Cosmoz,mid,LHE,2,39,-0.0646,-1.233,36.2
Mabud,top,PGC,2,66,-0.0646,-1.232,36.2
Plugo,mid,LLA,2,25,-0.0649,-1.239,36.1
chenshao,jng,LDL,2,37,-0.065,-1.241,36.1
Blue,bot,LCS,1,54,-0.0653,-1.246,36.1
Tron,top,LCO,2,22,-0.0654,-1.247,36.1
Dorian,jng,LDL,2,34,-0.0658,-1.255,36.0
Roamer,mid,LCKC,2,58,-0.0664,-1.265,35.9
Ghost,bot,LCK,1,86,-0.0665,-1.269,35.9
Meifan,jng,LCO,2,42,-0.0665,-1.267,35.9
Voice,bot,LCO,2,42,-0.0665,-1.267,35.9
Delight,sup,LCK,1,87,-0.0667,-1.271,35.8
Lava,mid,LCK,1,87,-0.0667,-1.271,35.8
Eric,bot,LPL,1,45,-0.0668,-1.275,35.8
Showkz,jng,LFL2,2,28,-0.0668,-1.274,35.8
crackadon,jng,UPL,2,31,-0.0668,-1.274,35.8
River,jng,LCS,1,49,-0.0669,-1.276,35.8
UmTi,jng,LCK,1,82,-0.0671,-1.279,35.8
Loopy,sup,LCKC,2,60,-0.0674,-1.286,35.7
Dicey,sup,LJL,2,26,-0.0675,-1.287,35.7
Hypnos,bot,TCL,2,28,-0.0675,-1.288,35.7
Falleo,top,EBL,2,31,-0.0677,-1.292,35.7
Sintax,mid,EBL,2,31,-0.0677,-1.292,35.7
Yakkey,bot,EBL,2,31,-0.0677,-1.292,35.7
Nate,top,LLA,2,33,-0.0679,-1.296,35.6
Tonerre,mid,PRM,2,30,-0.0679,-1.295,35.6
Draktharr,jng,VCS,2,64,-0.0681,-1.298,35.6
Sadaz,mid,PGN,2,26,-0.0683,-1.302,35.6
Serch,top,NEXO,2,40,-0.0683,-1.303,35.6
Jaguar,top,ESLOL,2,44,-0.0684,-1.304,35.5
SamD,bot,LCK,1,75,-0.0686,-1.309,35.5
Fear,mid,SL (LATAM),2,30,-0.069,-1.315,35.4
Gloryy,mid,VCS,2,81,-0.069,-1.317,35.4
rocco521,sup,LCO,2,23,-0.069,-1.316,35.4
RangJun,mid,LFL,2,36,-0.0691,-1.318,35.4
Tore,sup,LVP SL,2,33,-0.0691,-1.318,35.4
Kolthro,jng,UPL,2,45,-0.0693,-1.321,35.4
Puppet Master,sup,EL,2,28,-0.0694,-1.323,35.4
Yijin,jng,VCS,2,71,-0.0696,-1.327,35.3
ShiauC,sup,LPL,1,68,-0.0697,-1.329,35.3
Alvanai,mid,GLL,2,27,-0.0698,-1.331,35.3
Reufury,mid,LCO,2,32,-0.0698,-1.33,35.3
Elk,bot,LPL,1,93,-0.0707,-1.349,35.2
yyc,sup,LDL,2,37,-0.0707,-1.347,35.2
Fok,top,UL,2,39,-0.0712,-1.358,35.1
Forsen,bot,UPL,2,82,-0.0713,-1.36,35.1
Fatfish,jng,LDL,2,32,-0.0718,-1.369,35.0
Akaadian,jng,LCSA,2,42,-0.0719,-1.371,35.0
Bellow,sup,PGC,2,44,-0.0724,-1.38,34.9
Elio,sup,VCS,2,55,-0.0724,-1.38,34.9
Akko,bot,LDL,2,20,-0.0728,-1.389,34.8
Kaixuan,sup,LDL,2,74,-0.0732,-1.396,34.8
Shenyi,sup,LCSA,2,37,-0.0734,-1.399,34.7
Zen,top,LPLOL,2,25,-0.0735,-1.401,34.7
Van,jng,LMF,2,34,-0.0736,-1.403,34.7
Beat,sup,LPLOL,2,25,-0.0737,-1.404,34.7
Feitann,bot,LPLOL,2,25,-0.0737,-1.404,34.7
HUGOD,top,LPLOL,2,25,-0.0737,-1.404,34.7
Bosketi,sup,UPL,2,22,-0.0744,-1.419,34.6
Genesis,mid,UPL,2,22,-0.0744,-1.419,34.6
Manuize,sup,LMF,2,25,-0.0747,-1.424,34.6
Sebbek,bot,LMF,2,25,-0.0747,-1.424,34.6
Kanna,jng,NLC,2,45,-0.0756,-1.441,34.4
RanL,bot,LDL,2,71,-0.0758,-1.446,34.4
Piglet,sup,LCO,2,32,-0.0765,-1.459,34.3
Rooster,top,LCKC,2,49,-0.0767,-1.462,34.3
Chemera,mid,NLC,2,36,-0.0768,-1.464,34.3
Crow,sup,ESLOL,2,31,-0.0772,-1.471,34.2
Cerecof,sup,LFL2,2,28,-0.0778,-1.484,34.1
Heartless,jng,VL,2,28,-0.0779,-1.485,34.1
JUG,jng,LJL,2,42,-0.0781,-1.489,34.1
Megumiin,mid,LJL,2,42,-0.0781,-1.489,34.1
Ryuk,top,VCS,2,44,-0.0781,-1.489,34.1
Sangchu,bot,LJL,2,42,-0.0781,-1.489,34.1
Fun K3y,bot,PRM,2,36,-0.0783,-1.493,34.0
Rulfchen,jng,PRM,2,36,-0.0783,-1.493,34.0
Tolerant,sup,PRM,2,36,-0.0783,-1.493,34.0
Counter,bot,PGN,2,38,-0.0785,-1.495,34.0
Milo,bot,GL,2,38,-0.0791,-1.508,33.9
PowerOfEvil,mid,LCS,1,40,-0.0796,-1.517,33.9
Revenge,top,LCS,1,40,-0.0796,-1.517,33.9
AMBAN,jng,LHE,2,32,-0.0797,-1.519,33.9
Jervo,top,GLL,2,32,-0.0797,-1.518,33.9
Afroboi,jng,PRM,2,42,-0.0802,-1.53,33.8
Kaymin,mid,PRM,2,42,-0.0802,-1.53,33.8
Lothi,bot,PRM,2,42,-0.0802,-1.53,33.8
Marcel,top,PRM,2,42,-0.0802,-1.53,33.8
PsYcraw,sup,PRM,2,42,-0.0802,-1.53,33.8
Ariendel,mid,PGC,2,62,-0.0803,-1.531,33.8
Semin,top,LAS,2,49,-0.0809,-1.541,33.7
Hades,bot,DDH,2,61,-0.0812,-1.548,33.7
JeppeHou,sup,NLC,2,32,-0.0825,-1.572,33.5
Nacho,jng,NEXO,2,20,-0.0828,-1.579,33.4
chaos,jng,LDL,2,24,-0.0833,-1.589,33.4
Paopao,sup,LDL,2,23,-0.0835,-1.592,33.4
Xing,bot,LPL,1,51,-0.0835,-1.591,33.4
Aix,jng,LDL,2,30,-0.084,-1.6,33.3
huanhuan,mid,LDL,2,30,-0.084,-1.6,33.3
Ralf,bot,GLL,2,48,-0.0845,-1.61,33.2
Such,bot,LDL,2,39,-0.0845,-1.61,33.2
Nesty,jng,LJLA,2,21,-0.0848,-1.616,33.2
Pinnnk,mid,LJLA,2,21,-0.0848,-1.616,33.2
reri,sup,LJLA,2,21,-0.0848,-1.616,33.2
Tatuy,top,NLC,2,27,-0.0855,-1.63,33.1
GoWonBin,mid,LAS,2,59,-0.0858,-1.635,33.1
Marimo,bot,LJLA,2,23,-0.0862,-1.643,33.0
999,top,LDL,2,48,-0.0865,-1.648,33.0
Dreseul,sup,GL,2,29,-0.0879,-1.675,32.9
Gabenx,bot,GL,2,29,-0.0879,-1.675,32.9
Pelirrojo,mid,GL,2,29,-0.0879,-1.675,32.9
Stibi,top,GL,2,29,-0.0879,-1.675,32.9
Cryin,mid,LPL,1,79,-0.0881,-1.679,32.8
H4cker,jng,LPL,1,79,-0.0881,-1.679,32.8
Aomine,bot,VCS,2,42,-0.0885,-1.687,32.8
Baut,sup,LCKC,2,72,-0.0893,-1.702,32.7
Darlik,top,LFL,2,58,-0.0893,-1.701,32.7
Peng,mid,LFL,2,58,-0.0893,-1.701,32.7
eqq,sup,LDL,2,49,-0.0898,-1.712,32.6
lyy,bot,LDL,2,49,-0.0898,-1.712,32.6
Tochas,sup,LPLOL,2,28,-0.0902,-1.719,32.6
Kamel,jng,LAS,2,60,-0.0903,-1.722,32.6
Feisty,mid,LCKC,2,69,-0.0908,-1.73,32.5
Soboro,top,LCKC,2,69,-0.0908,-1.73,32.5
Aug,jng,LMF,2,31,-0.091,-1.734,32.5
New,top,LPL,1,44,-0.0912,-1.738,32.5
Sambrotta,bot,NEXO,2,22,-0.0912,-1.738,32.5
DaJeung,mid,LCO,2,42,-0.0915,-1.743,32.5
Raydell,jng,GL,2,28,-0.0915,-1.743,32.5
Adept,sup,PRM,2,49,-0.092,-1.753,32.4
MiraiX,jng,PRM,2,49,-0.092,-1.753,32.4
Fersito,mid,LMF,2,44,-0.0921,-1.755,32.4
Nekhazten,sup,LMF,2,44,-0.0921,-1.755,32.4
pawp,jng,NLC,2,32,-0.0928,-1.769,32.3
Meslo,top,PGC,2,57,-0.0939,-1.789,32.2
Jinjiao,sup,LPL,1,84,-0.0946,-1.802,32.2
Hyper,jng,LCSA,2,74,-0.0948,-1.807,32.1
Puff,bot,LPL,1,53,-0.0955,-1.82,32.1
Cheoni,bot,LCKC,2,59,-0.0959,-1.827,32.0
Guanch0,mid,NEXO,2,23,-0.0963,-1.835,32.0
Konodio,sup,LDL,2,64,-0.0971,-1.85,31.9
xMatty,bot,LEC,1,38,-0.0973,-1.853,31.9
Instinct,bot,LCSA,2,81,-0.0974,-1.855,31.9
Cinkrof,jng,LEC,1,36,-0.0976,-1.859,31.9
nuc,mid,LEC,1,36,-0.0976,-1.859,31.9
Biubiu,top,LPL,1,71,-0.0982,-1.871,31.8
Kyoto,mid,DDH,2,51,-0.0983,-1.872,31.8
doing,mid,LDL,2,48,-0.0986,-1.878,31.8
Southwind,sup,LPL,1,54,-0.1007,-1.918,31.6
Guwon,jng,LCKC,2,59,-0.1016,-1.936,31.6
OnFleek,jng,LCK,1,81,-0.102,-1.943,31.5
Pluto1,sup,PGC,2,60,-0.1033,-1.968,31.4
Takeover,mid,LCSA,2,86,-0.1035,-1.971,31.4
tol2,top,LJLA,2,32,-0.1038,-1.977,31.4
Thoryn,top,LMF,2,25,-0.1039,-1.979,31.4
BangTwo,bot,PCS,2,36,-0.1041,-1.983,31.4
En,sup,PCS,2,36,-0.1041,-1.983,31.4
xiaotu,mid,PCS,2,36,-0.1041,-1.983,31.4
Gaarfield,sup,EBL,2,45,-0.1053,-2.006,31.3
haichao,mid,LDL,2,59,-0.1056,-2.012,31.2
Filou,bot,LFL2,2,46,-0.1061,-2.02,31.2
Seminol,top,LFL2,2,46,-0.1061,-2.02,31.2
Whyker,sup,LMF,2,26,-0.1099,-2.093,30.9
Vsta,sup,LCK,1,84,-0.1107,-2.108,30.9
Kedaya,sup,LPL,1,62,-0.111,-2.114,30.9
Coated,top,VCS,2,67,-0.1114,-2.123,30.8
Himmel,mid,VCS,2,67,-0.1114,-2.123,30.8
Slyv3r,bot,ESLOL,2,49,-0.1138,-2.167,30.7
Stookbeer,sup,ESLOL,2,49,-0.1138,-2.167,30.7
985,bot,LDL,2,34,-0.1172,-2.233,30.5
bolin,top,LDL,2,34,-0.1172,-2.233,30.5
pyboy,mid,LDL,2,34,-0.1172,-2.233,30.5
Sydux,top,LMF,2,47,-0.1175,-2.238,30.5
Gaëthan,top,LVP SL,2,47,-0.1179,-2.245,30.5
Slayder,bot,VCS,2,72,-0.118,-2.247,30.5
DuDu,top,LCK,1,89,-0.1185,-2.257,30.4
Karis,mid,LCK,1,89,-0.1185,-2.257,30.4
Knighter,mid,LVP SL,2,43,-0.1188,-2.263,30.4
Mishi,bot,NLC,2,54,-0.1219,-2.322,30.3
Phoxie,mid,LPLOL,2,38,-0.1231,-2.345,30.2
Zpikee,bot,NLC,2,50,-0.1232,-2.346,30.2
Yesjun,jng,LDL,2,42,-0.1263,-2.406,30.1
bkr,sup,LDL,2,63,-0.1277,-2.433,30.0
Shanks,mid,LPL,1,58,-0.128,-2.437,30.0
Ever,bot,LDL,2,76,-0.1318,-2.509,29.8
Kobra,mid,LMF,2,45,-0.1365,-2.599,29.7
Eugeo,mid,LJL,2,42,-0.1449,-2.759,29.4
Hetel,sup,LJL,2,42,-0.1449,-2.759,29.4
Washidai,top,LJL,2,42,-0.1449,-2.759,29.4
Yunika,jng,LJL,2,42,-0.1449,-2.759,29.4
dresscode,bot,LJL,2,42,-0.1449,-2.759,29.4
iGeveze,bot,LMF,2,47,-0.1467,-2.794,29.4
torch,top,LDL,2,72,-0.1541,-2.933,29.2
