year,team,id,name,note
*,*,Neo,-,越南选手 Trần Sư Toàn（2022 Dignitas / 2023 TSM / 2024 GAM），没有中韩文名；名册里同 ID 的韩国 김지훈 是 LCK 青训另一个人
*,*,Palette,-,越南选手 Nguyễn Hải Trung（2022 SBTC），没有中韩文名
2023,Estral Esports,Shadow,-,阿根廷选手 Facundo Cuello，不是总表里同 ID 的任何一个人
*,*,Violet,-,中国香港选手 Vincent Wong（2023 Pentanet.GG / 2024 Team Bliss），没找到中文名
2022,Young Miracles,wind,陈国风,名册里 ID 写作 Feng (Chen Guo-Feng)；同 ID 的韩国 오명진 在 TCL
2023,LGD Gaming Young Team,wind,陈国风,同上
*,*,Calix,선현빈,NS 青训 Syun Hyun-bin；2024 年评分里混了 KT 青训 Kang Min-seo 的场次
*,*,cc,闫程超,Yan Cheng-Chao；名册 LDL 2025 Split 3 有一行错挂到退役上单陆学晨
2023,*,Xin,李裕东,RA Period 辅助 Li Yu-Dong（游戏里本来就对）
