player_id,position,league,tier,games,winrate,操作,运营,心态,指挥,体质,适应力,总评,逆风局数,翻盘率,英雄池,_boxz,_impz,_resid,teams,年龄
GALA,bot,LPL,1,156,0.667,72.0,53.4,57.8,60.4,66.3,53.1,75.8,5,0.2,16,0.517,2.95,1.736,Royal Never Give Up,21
Xiaohu,mid,LPL,1,156,0.667,68.6,61.3,57.9,73.9,47.6,57.3,75.7,5,0.2,19,0.469,2.95,1.864,Royal Never Give Up,24
Wei,jng,LPL,1,162,0.66,66.8,57.1,61.9,54.6,49.1,53.3,75.6,5,0.2,18,0.381,2.961,2.009,Royal Never Give Up,20
Ming,sup,LPL,1,156,0.667,67.6,53.9,58.4,69.8,59.2,51.2,75.6,5,0.2,21,0.391,2.95,1.831,Royal Never Give Up,24
369,top,LPL,1,121,0.669,74.7,59.1,69.3,55.7,59.7,56.3,75.2,2,0.0,19,0.76,2.496,1.244,JD Gaming,21
Knight,mid,LPL,1,128,0.633,73.7,64.5,46.7,63.5,74.7,55.4,74.9,1,0.0,19,0.627,2.511,1.387,Top Esports,22
Kanavi,jng,LPL,1,121,0.669,74.7,61.7,51.5,63.2,62.6,57.2,74.9,2,0.0,18,0.656,2.496,1.388,JD Gaming,22
JackeyLove,bot,LPL,1,128,0.633,73.7,58.6,45.5,64.1,72.8,57.9,74.7,1,0.0,17,0.537,2.511,1.367,Top Esports,22
MISSING,sup,LPL,1,121,0.669,60.2,56.8,59.4,56.3,44.5,48.0,73.6,2,0.0,16,0.162,2.496,1.655,JD Gaming,21
Mark,sup,LPL,1,115,0.661,54.4,63.9,47.1,72.3,63.7,52.8,73.3,1,0.0,14,0.066,2.501,1.734,Top Esports,25
Yagao,mid,LPL,1,135,0.674,37.5,61.3,51.0,75.8,57.6,45.8,73.2,2,0.0,15,-0.364,2.826,2.43,Bilibili Gaming|JD Gaming,24
Hope,bot,LPL,1,120,0.683,43.0,56.8,50.3,68.5,42.1,42.2,72.1,2,0.0,11,-0.319,2.528,2.069,JD Gaming|Team WE,22
Photic,bot,LPL,1,102,0.657,58.4,63.8,43.4,50.4,51.4,60.6,71.6,0,0.0,18,0.143,2.044,1.308,Victory Five,20
Wayward,top,LPL,1,112,0.661,48.1,50.7,49.5,61.3,46.6,57.2,71.5,1,0.0,20,-0.277,2.382,2.008,Top Esports,21
Rich,top,LPL,1,96,0.667,57.0,54.8,44.6,71.9,55.7,62.6,71.1,0,0.0,21,-0.011,2.081,1.538,Victory Five,24
Tian,jng,LPL,1,117,0.65,45.5,53.8,48.7,67.2,55.5,51.3,70.9,1,0.0,12,-0.301,2.275,2.006,Top Esports,22
Bin,top,LPL,1,140,0.621,67.6,49.3,48.9,49.8,41.1,47.0,70.4,2,0.0,17,0.132,1.83,1.212,Bilibili Gaming|Royal Never Give Up,19
ppgod,sup,LPL,1,99,0.667,51.6,47.4,45.2,60.9,69.1,52.7,70.4,0,0.0,16,-0.22,2.108,1.65,Victory Five,22
Viper,bot,LPL,1,119,0.605,55.3,69.0,47.2,61.4,65.6,57.8,70.0,1,0.0,17,0.217,1.692,0.965,EDward Gaming,22
Scout,mid,LPL,1,119,0.605,60.4,58.4,53.8,70.7,54.6,53.7,69.7,1,0.0,17,0.14,1.692,1.122,EDward Gaming,24
Breathe,top,LPL,1,134,0.59,55.1,58.9,68.8,53.0,46.4,55.2,68.8,3,0.333,19,0.196,1.508,0.892,Bilibili Gaming|Royal Never Give Up,21
Meiko,sup,LPL,1,119,0.605,53.8,51.8,46.9,66.5,53.7,58.1,68.3,1,0.0,17,-0.134,1.692,1.256,EDward Gaming,24
Rookie,mid,LPL,1,85,0.635,57.8,60.1,44.4,60.2,62.5,66.6,66.9,0,0.0,21,0.056,1.343,0.91,Victory Five,22
Summit,top,LPL,1,60,0.567,75.2,57.6,52.5,61.8,76.3,56.9,65.7,5,0.0,16,0.648,0.685,-0.164,Cloud9|FunPlus Phoenix,24
Flandre,top,LPL,1,107,0.598,48.2,56.7,49.1,69.3,61.7,58.9,65.5,1,0.0,22,-0.149,1.318,1.02,EDward Gaming,24
Jiejie,jng,LPL,1,102,0.578,61.0,64.1,51.0,49.8,48.4,58.6,65.3,1,0.0,14,0.229,0.975,0.47,EDward Gaming,21
huanfeng,bot,LPL,1,111,0.577,49.0,53.1,45.8,54.8,69.0,57.2,64.9,0,0.0,18,-0.21,1.292,0.987,ThunderTalk Gaming|Weibo Gaming,21
ON,sup,LPL,1,100,0.58,59.3,55.9,48.7,43.8,74.4,56.8,64.8,0,0.0,22,0.109,1.011,0.531,Bilibili Gaming|Weibo Gaming,19
Karsa,jng,LPL,1,76,0.632,50.9,51.8,43.7,75.1,42.5,65.2,63.6,0,0.0,18,-0.264,1.169,1.047,Victory Five,25
XLB,jng,LPL,1,26,0.731,57.8,59.3,50.1,63.5,39.9,62.4,63.2,0,0.0,11,0.044,0.871,0.538,Victory Five,23
Angel,mid,LPL,1,93,0.559,52.7,64.3,47.4,56.9,55.3,59.6,62.5,0,0.0,20,0.045,0.789,0.477,Weibo Gaming,22
TheShy,top,LPL,1,93,0.559,64.5,42.3,45.4,61.3,68.3,60.7,61.8,0,0.0,23,-0.063,0.789,0.511,Weibo Gaming,23
Beichuan,jng,LPL,1,96,0.542,56.3,58.2,43.3,49.9,45.1,50.3,61.5,0,0.0,14,-0.031,0.738,0.49,FunPlus Phoenix|FunPlus Phoenix Blaze|ThunderTalk Gaming,21
SofM,jng,LPL,1,93,0.559,50.3,56.2,46.2,69.4,58.2,49.8,61.3,0,0.0,13,-0.13,0.789,0.615,Weibo Gaming,24
Light,bot,LPL,1,113,0.531,56.8,62.2,43.9,49.5,42.8,48.3,61.1,0,0.0,16,0.022,0.644,0.28,LNG Esports,21
Doinb,mid,LPL,1,113,0.531,54.5,57.9,43.3,74.2,41.1,59.6,60.1,0,0.0,22,-0.119,0.644,0.492,LNG Esports,26
Tarzan,jng,LPL,1,113,0.531,51.6,56.4,44.2,63.3,45.9,59.3,59.8,0,0.0,18,-0.154,0.644,0.514,LNG Esports,23
Ale,top,LPL,1,101,0.535,51.4,44.4,46.9,51.6,42.8,54.2,58.8,0,0.0,18,-0.372,0.715,0.706,LNG Esports,21
FoFo,mid,LPL,1,67,0.522,55.7,57.7,48.1,60.4,41.6,58.3,58.0,0,0.0,16,-0.048,0.355,0.205,Bilibili Gaming,23
Chieftain,jng,LPL,1,46,0.522,63.1,51.3,50.5,50.7,81.2,48.1,57.6,1,0.0,11,0.241,0.077,-0.293,NASR eSports Turkey|ThunderTalk Gaming,22
JunJia,jng,LPL,1,25,0.68,53.4,54.4,50.0,42.4,37.8,44.4,57.6,0,0.0,6,-0.114,0.375,0.254,EDward Gaming,20
LvMao,sup,LPL,1,84,0.524,50.4,48.4,46.5,68.4,47.7,47.3,57.0,0,0.0,15,-0.252,0.417,0.348,LNG Esports,26
Weiwei,jng,LPL,1,84,0.512,51.6,54.8,49.4,54.5,47.7,52.9,56.8,0,0.0,14,-0.138,0.302,0.213,Bilibili Gaming,22
HOYA,top,LPL,1,55,0.527,47.5,60.8,48.0,52.4,68.6,48.1,56.6,0,0.0,13,-0.077,0.233,0.063,Dplus Kia|ThunderTalk Gaming,22
Iwandy,sup,LPL,1,33,0.545,52.9,59.8,49.6,48.1,39.3,50.1,55.1,0,0.0,9,-0.07,0.065,-0.071,LNG Esports|Team WE,22
Lwx,bot,LPL,1,95,0.474,51.7,52.4,47.1,66.6,61.3,49.9,54.4,0,0.0,14,-0.153,0.066,-0.045,FunPlus Phoenix,24
Crisp,sup,LPL,1,98,0.5,50.3,56.9,41.9,57.6,65.0,57.4,54.3,0,0.0,15,-0.151,0.047,-0.022,Bilibili Gaming,24
Ahn,bot,LPL,1,45,0.444,53.0,53.5,48.1,46.4,72.4,57.6,53.8,0,0.0,13,-0.118,-0.036,-0.155,Invictus Gaming,21
Doggo,bot,LPL,1,88,0.5,54.9,49.6,42.8,41.3,45.8,56.3,53.1,0,0.0,16,-0.209,-0.031,-0.077,Bilibili Gaming|Bilibili Gaming Junior,19
Care,mid,LPL,1,68,0.471,48.3,63.1,48.0,42.0,51.9,55.3,52.6,0,0.0,17,-0.09,-0.177,-0.187,FunPlus Phoenix,18
Creme,mid,LPL,1,89,0.483,59.4,49.4,41.9,42.1,62.2,40.6,52.5,0,0.0,11,-0.113,-0.178,-0.169,Oh My God,19
yaoyao,sup,LPL,1,30,0.5,50.2,53.4,49.9,44.1,36.7,55.9,52.5,0,0.0,10,-0.236,-0.068,-0.045,ThunderTalk Gaming,21
COLD,sup,LPL,1,82,0.488,51.0,44.7,42.5,63.0,51.6,52.8,52.5,0,0.0,16,-0.347,0.019,0.11,Oh My God,25
shanji,top,LPL,1,92,0.478,54.2,55.9,43.2,48.6,70.0,63.5,52.4,0,0.0,22,0.018,-0.29,-0.449,Oh My God,22
Mole,mid,LPL,1,28,0.429,54.7,57.2,49.8,50.4,75.4,48.9,52.0,0,0.0,10,0.01,-0.328,-0.387,Invictus Gaming,22
Clid,jng,LPL,1,83,0.458,50.1,60.5,45.4,57.9,51.1,46.7,51.9,0,0.0,14,-0.129,-0.223,-0.235,FunPlus Phoenix,23
xiye,mid,LPL,1,25,0.4,52.5,57.8,50.2,66.9,54.0,51.3,51.8,0,0.0,10,-0.069,-0.286,-0.29,Team WE,25
Able,bot,LPL,1,92,0.478,48.2,59.5,42.0,51.1,77.8,41.8,51.8,0,0.0,10,-0.06,-0.29,-0.406,Oh My God,22
Xiaoxiang,top,LPL,1,33,0.515,54.2,52.1,49.3,40.6,36.6,57.0,51.8,0,0.0,13,-0.164,-0.204,-0.227,EDward Gaming|ThunderTalk Gaming,14
ICON,mid,LPL,1,31,0.452,53.8,50.4,49.1,71.0,79.8,47.8,51.2,0,0.0,10,-0.117,-0.312,-0.273,Bilibili Gaming,26
XinLiu,sup,LPL,1,69,0.435,55.6,48.3,47.2,42.0,63.4,62.5,50.2,0,0.0,21,-0.13,-0.405,-0.393,Invictus Gaming|ThunderTalk Gaming,21
Forge,mid,LPL,1,65,0.431,48.6,55.1,47.2,52.3,42.2,47.6,50.2,0,0.0,13,-0.273,-0.293,-0.134,Anyone's Legend,22
Aki,jng,LPL,1,92,0.478,48.8,47.5,42.2,52.2,53.1,61.9,49.6,0,0.0,18,-0.36,-0.29,-0.097,Oh My God,22
fate,sup,LPL,1,30,0.367,52.9,49.4,49.9,46.3,36.7,50.4,49.2,0,0.0,10,-0.239,-0.434,-0.33,Royal Club|Team WE,22
zs,top,LPL,1,24,0.375,50.9,50.0,51.4,39.7,51.0,57.5,49.0,0,0.0,10,-0.224,-0.465,-0.394,Ultra Prime,20
Leyan,jng,LPL,1,87,0.425,56.8,58.2,42.8,37.6,57.1,62.1,48.8,0,0.0,17,-0.029,-0.645,-0.673,Rare Atom,20
Strive,mid,LPL,1,87,0.425,52.9,58.1,45.7,39.8,40.2,55.7,48.6,0,0.0,17,-0.056,-0.645,-0.587,Rare Atom,20
Xiaolaohu,top,LPL,1,64,0.422,53.9,57.4,45.3,38.5,46.5,47.5,48.4,0,0.0,12,-0.094,-0.639,-0.645,FunPlus Phoenix,20
Xun,jng,LPL,1,96,0.427,60.9,50.7,55.7,36.4,63.5,46.3,47.9,0,0.0,11,0.108,-0.867,-0.974,Bilibili Gaming|Invictus Gaming,20
Ucal,mid,LPL,1,85,0.447,53.0,55.4,43.4,43.9,73.4,63.5,47.9,0,0.0,19,-0.092,-0.704,-0.606,ThunderTalk Gaming,21
Cube,top,LPL,1,84,0.417,51.4,50.1,46.1,69.6,43.7,56.6,47.8,0,0.0,20,-0.282,-0.553,-0.418,Rare Atom,26
iBoy,bot,LPL,1,84,0.417,49.8,51.6,43.8,50.8,58.7,47.3,47.8,0,0.0,14,-0.281,-0.553,-0.44,Rare Atom,22
Wink,bot,LPL,1,34,0.324,50.2,55.9,49.0,56.1,60.2,52.5,47.3,0,0.0,8,-0.177,-0.699,-0.641,Invictus Gaming,23
Kui,jng,LPL,1,20,0.3,50.6,51.7,50.8,43.0,46.9,56.6,47.3,0,0.0,8,-0.211,-0.671,-0.542,LGD Gaming,21
beishang,jng,LPL,1,47,0.34,49.4,55.7,48.2,48.6,41.2,43.8,46.6,0,0.0,8,-0.228,-0.739,-0.585,Team WE,22
Assum,bot,LPL,1,50,0.4,55.2,45.6,47.7,38.7,36.9,53.0,46.2,0,0.0,12,-0.29,-0.739,-0.582,LGD Gaming|Rare Atom|Weibo Gaming Youth Team,19
yuyanjia,sup,LPL,1,67,0.403,50.6,48.6,43.3,57.8,42.2,45.6,45.1,0,0.0,14,-0.307,-0.859,-0.61,Rare Atom,25
Xiaohao,jng,LPL,1,83,0.386,53.3,57.1,46.4,36.6,52.3,47.8,45.0,0,0.0,14,-0.118,-1.03,-0.921,Anyone's Legend,20
QiuQiu,sup,LPL,1,77,0.39,55.4,44.7,47.1,52.2,63.5,48.1,44.8,0,0.0,16,-0.25,-0.954,-0.73,Anyone's Legend,24
Betty,bot,LPL,1,83,0.386,50.8,59.5,46.1,47.4,41.9,59.2,44.7,0,0.0,17,-0.174,-1.03,-0.909,Anyone's Legend,22
Shad0w,jng,LPL,1,64,0.344,55.8,52.9,47.2,40.2,67.0,49.5,44.4,0,0.0,13,-0.087,-1.135,-1.035,LGD Gaming,21
Yuekai,mid,LPL,1,56,0.339,50.0,54.3,47.6,39.0,49.9,63.2,44.4,0,0.0,20,-0.224,-1.023,-0.755,Invictus Gaming|LNG Esports,20
Zoom,top,LPL,1,49,0.306,50.1,58.0,49.6,62.0,31.2,54.2,44.3,0,0.0,16,-0.214,-1.046,-0.882,Top Esports|Ultra Prime,25
Elk,bot,LPL,1,93,0.398,57.7,57.5,59.1,39.0,51.0,48.5,44.2,0,0.0,15,0.136,-1.349,-1.415,Bilibili Gaming|Ultra Prime,21
YeG,mid,LPL,1,39,0.333,48.2,47.0,48.8,43.8,63.3,61.5,44.2,0,0.0,18,-0.336,-0.962,-0.617,LGD Gaming|Qing Jiu E-sport Club,21
View,jng,LPL,1,41,0.293,52.1,58.8,48.6,36.0,51.5,40.7,44.1,0,0.0,10,-0.088,-1.177,-1.069,Team WE|Team WE Academy,20
Zdz,top,LPL,1,83,0.386,51.5,48.5,48.4,41.4,49.3,54.8,44.0,0,0.0,16,-0.283,-1.03,-0.812,Anyone's Legend,21
Jay,mid,LPL,1,25,0.32,48.4,50.9,50.2,39.4,30.3,62.2,43.6,0,0.0,11,-0.339,-1.037,-0.675,LGD Gaming,17
fearness,top,LPL,1,73,0.37,50.2,51.2,48.7,36.8,63.0,54.5,43.0,0,0.0,14,-0.227,-1.219,-1.015,LGD Gaming,20
Zika,top,LPL,1,76,0.382,47.5,53.4,48.6,37.2,50.8,45.4,43.0,0,0.0,14,-0.288,-1.168,-0.923,Invictus Gaming|LNG Esports,19
Eric,bot,LPL,1,45,0.311,53.7,51.4,48.1,40.7,41.1,50.4,42.7,0,0.0,10,-0.205,-1.275,-1.081,LGD Gaming,21
ShiauC,sup,LPL,1,68,0.353,48.9,49.4,47.5,46.5,34.0,50.2,41.3,0,0.0,15,-0.397,-1.329,-0.909,Ultra Prime,23
Xing,bot,LPL,1,51,0.275,50.7,52.0,47.7,35.7,44.7,43.7,40.4,0,0.0,11,-0.259,-1.591,-1.292,Team WE,20
Cryin,mid,LPL,1,79,0.342,58.5,48.3,46.6,44.0,40.1,47.2,40.2,0,0.0,15,-0.179,-1.679,-1.315,Ultra Prime,22
Puff,bot,LPL,1,53,0.283,53.4,50.5,47.5,48.9,80.0,49.4,39.8,0,0.0,10,-0.096,-1.82,-1.608,ThunderTalk Gaming,23
New,top,LPL,1,44,0.273,49.3,49.8,49.9,52.1,77.2,60.8,39.8,0,0.0,14,-0.208,-1.738,-1.461,Qing Jiu E-sport Club|ThunderTalk Gaming,24
H4cker,jng,LPL,1,79,0.342,48.6,51.7,46.6,49.8,55.5,46.7,39.7,0,0.0,12,-0.301,-1.679,-1.312,Ultra Prime,23
Southwind,sup,LPL,1,54,0.296,51.9,54.3,48.2,55.4,57.2,63.3,39.0,0,0.0,17,-0.167,-1.918,-1.551,Rare Atom|ThunderTalk Gaming,26
Jinjiao,sup,LPL,1,84,0.333,53.6,46.0,46.9,47.8,46.5,50.6,38.9,0,0.0,16,-0.313,-1.802,-1.345,LGD Gaming,24
Biubiu,top,LPL,1,71,0.31,49.0,54.4,48.7,46.3,41.0,47.6,38.8,0,0.0,16,-0.266,-1.871,-1.523,Team WE,23
Kedaya,sup,LPL,1,62,0.274,49.0,56.1,47.8,36.0,56.4,60.0,37.8,0,0.0,16,-0.213,-2.114,-1.669,Team WE,21
Shanks,mid,LPL,1,58,0.224,55.0,57.8,47.5,36.5,63.1,55.7,37.1,0,0.0,15,-0.027,-2.437,-2.041,Team WE,21
