player_id,position,league,tier,games,winrate,teams,操作,意识,心态,团队,体质,综合,操作_10,意识_10,心态_10,团队_10,体质_10,综合_10,f_gd15,f_xd15,f_cd15,f_dpm,f_dmgshare,f_cspm,f_multi,f_vspm,f_wcpm,f_cwards,f_kp,f_deathshare,f_ejg,f_adver,f_clutch,f_lateg,f_stable,f_egshare,f_dmgmit,f_gspd,f_games,f_decay
Knight,mid,LPL,1,128,0.633,Top Esports,76.3,69.3,69.6,63.5,72.5,70.9,7.6,6.9,7.0,6.3,7.2,7.1,551.6666666666666,432.8333333333333,8.666666666666666,578.14433828125,0.275032890625,8.89146953125,0.0546875,1.13651171875,0.27841640625,4.5703125,0.7078891257995735,0.13829047949965254,3.2868852459016393,0.3082018750350867,-0.06108035005425529,-0.09738786597340833,-0.7482122815105962,0.2418254453125,316.88776666666666,0.0,128.0,0.10508865000698031
JackeyLove,bot,LPL,1,128,0.633,Top Esports,76.4,60.0,60.1,57.5,72.7,66.1,7.6,6.0,6.0,5.8,7.3,6.6,921.1666666666666,220.5,11.0,642.46154140625,0.3034947578125,9.0560421875,0.0546875,1.4182828125,0.47110234375,5.9453125,0.7084221748400853,0.20569840166782488,2.6475409836065573,0.21962314539080402,-0.10852197540465545,-0.09237491313578769,-0.7559844933213976,0.2666992265625,276.6486,0.0,128.0,0.13641761443629644
369,top,LPL,1,121,0.669,JD Gaming,77.5,56.7,52.0,65.5,69.4,65.1,7.8,5.7,5.2,6.5,6.9,6.5,703.2142857142857,429.2857142857143,14.928571428571429,581.7617933884297,0.2557968181818182,7.957078512396694,0.049586776859504134,0.9570933884297521,0.21335454545454544,4.702479338842975,0.6060606060606061,0.23086654016445288,3.0654205607476634,0.21673444803657102,-0.38637666948938526,-0.6699733800094811,-0.8775059725522468,0.22292433884297522,1071.4902857142856,0.0,121.0,0.10448329566094917
Jiejie,jng,LPL,1,102,0.578,EDward Gaming,61.6,66.9,69.6,63.2,62.1,64.6,6.2,6.7,7.0,6.3,6.2,6.5,578.0,127.54545454545455,0.7272727272727273,266.13155196078435,0.12549474705882355,5.1540735294117646,0.00980392156862745,1.6536117647058823,0.4698382352941176,10.872549019607844,0.6980568011958147,0.20108205590622183,9.68131868131868,0.2717306048243099,-0.0265912073490814,0.1326771653543307,-0.8529975755501239,0.16456504901960783,896.1212454545454,0.0,102.0,-0.056341111723450764
Viper,bot,LPL,1,119,0.605,EDward Gaming,56.4,73.1,58.2,66.1,70.6,64.3,5.6,7.3,5.8,6.6,7.1,6.4,-66.72727272727273,-228.27272727272728,-7.454545454545454,671.2868151260503,0.3118007394957983,9.348629411764707,0.058823529411764705,1.6395840336134453,0.4744840336134454,6.151260504201681,0.7229357798165138,0.16207710464201416,3.0,0.21265239574630318,-0.09442700530308433,-0.11392443375035943,-0.7871988458944442,0.27284549579831935,390.23051818181824,0.0,119.0,0.13272632674297605
Summit,top,LPL,1,60,0.567,Cloud9|FunPlus Phoenix,79.9,62.5,52.4,50.9,59.1,63.8,8.0,6.2,5.2,5.1,5.9,6.4,752.4814814814815,441.7037037037037,19.074074074074073,601.0978733333334,0.28818815,8.655745,0.2,1.0797616666666667,0.27908666666666665,4.966666666666667,0.5780274656679151,0.247074122236671,3.090909090909091,0.18202806965021948,-0.1759291827881345,0.1523039043264158,-0.9553558978180847,0.2363161,647.4645074074075,0.0,60.0,0.4279403146553665
Kanavi,jng,LPL,1,121,0.669,JD Gaming,77.7,65.5,41.8,50.3,69.4,63.4,7.8,6.5,4.2,5.0,6.9,6.3,439.64285714285717,312.42857142857144,9.857142857142858,391.3360421487603,0.16996902809917355,6.072762809917355,0.05785123966942149,1.6083479338842974,0.47764876033057857,8.884297520661157,0.7077555213148433,0.21884882985452245,12.485981308411215,0.16135993870698787,-0.3148615029024943,-0.6069649868946476,-0.8763931047011512,0.19861914049586776,697.2740285714286,0.0,121.0,0.18287749994272526
Xiaohu,mid,LPL,1,156,0.667,Royal Never Give Up,70.6,63.2,44.9,59.2,73.2,63.1,7.1,6.3,4.5,5.9,7.3,6.3,463.82608695652175,237.91304347826087,2.0434782608695654,548.8107564102564,0.2682313076923077,8.4285,0.14743589743589744,1.2066365384615385,0.30532692307692305,5.230769230769231,0.6974169741697417,0.1878855860908581,2.5636363636363635,0.17951009823321343,-0.3142355344571655,-0.4397518238437684,-0.7899772692469277,0.2323023782051282,337.69754347826085,0.0,156.0,-0.07053130791495736
GALA,bot,LPL,1,156,0.667,Royal Never Give Up,74.1,51.7,57.3,53.8,76.0,62.6,7.4,5.2,5.7,5.4,7.6,6.3,611.7391304347826,409.7608695652174,14.173913043478262,588.9341025641025,0.2833994185897436,9.622845512820513,0.32051282051282054,1.1888698717948718,0.4122833333333333,3.25,0.6584665846658466,0.15816040381379698,2.309090909090909,0.22157601021986148,-0.24476508691147053,-0.22004089299665874,-0.7543997787889506,0.26777375000000003,283.1936565217391,0.0,156.0,0.11161527400543197
Photic,bot,LPL,1,102,0.657,Victory Five,59.8,70.3,59.5,55.6,65.0,62.4,6.0,7.0,6.0,5.6,6.5,6.2,0.0,0.0,0.0,657.5999843137255,0.28987183333333333,9.014446078431371,0.0,1.5304382352941177,0.48108039215686277,3.8627450980392157,0.7130325814536341,0.17034700315457413,4.147058823529412,0.2603781616942779,-0.3793371973819099,-0.4473030518097942,-0.736511046210255,0.2717743823529412,0.0,0.0,102.0,0.009216589861751119
Light,bot,LPL,1,113,0.531,LNG Esports,57.5,68.2,57.7,58.8,62.3,61.1,5.8,6.8,5.8,5.9,6.2,6.1,0.0,0.0,0.0,614.2343557522124,0.2954685309734513,9.680176991150441,0.0,1.2059247787610619,0.4218637168141593,2.9734513274336285,0.7207880434782609,0.12984218077474893,3.9469026548672566,0.23232809275727093,-0.2624129730366234,-0.28181070754945114,-0.7656821373746139,0.2835876460176991,0.0,0.0,113.0,-0.15645641103211813
MISSING,sup,LPL,1,121,0.669,JD Gaming,61.2,56.7,63.0,58.5,69.5,60.9,6.1,5.7,6.3,5.8,7.0,6.1,119.14285714285714,63.357142857142854,-0.2857142857142857,176.88224132231403,0.0764015347107438,0.9968834710743801,0.0,2.6295347107438016,0.32199834710743797,15.338842975206612,0.7154596815613765,0.211258697027198,0.0,0.2535307667592554,-0.042517631160756714,-0.23740917632320702,-0.8279427399213146,0.09445104297520661,282.1002,0.0,121.0,0.1706378155158258
Wei,jng,LPL,1,162,0.66,Royal Never Give Up,68.5,59.9,46.1,52.6,74.2,60.8,6.8,6.0,4.6,5.3,7.4,6.1,469.19565217391306,211.1086956521739,1.0217391304347827,299.1534419753087,0.14364449506172838,5.391101851851852,0.10493827160493827,1.6687172839506172,0.4407234567901234,12.160493827160494,0.6641524414450178,0.20962566844919786,8.655172413793103,0.15821668318698315,-0.27221638765049144,-0.16631026142150876,-0.8306776851982962,0.1707839938271605,660.9535239130435,0.0,162.0,-0.04265523093304943
Mark,sup,LPL,1,115,0.661,Top Esports,52.7,68.4,59.7,57.7,69.5,60.7,5.3,6.8,6.0,5.8,7.0,6.1,49.666666666666664,185.66666666666666,-1.3333333333333333,143.74446,0.06759807739130434,1.279157391304348,0.0,2.771324347826087,0.3931278260869565,15.452173913043477,0.7108644859813084,0.19187898089171976,0.12844036697247707,0.20602738698649403,-0.10793610865544051,-0.020736863834452893,-0.78914843582018,0.09782345304347827,287.0539,0.0,115.0,0.19984481703506377
Scout,mid,LPL,1,119,0.605,EDward Gaming,61.4,57.7,62.0,57.6,67.2,60.6,6.1,5.8,6.2,5.8,6.7,6.1,225.63636363636363,56.90909090909091,-0.5454545454545454,564.0112260504202,0.2580388151260504,8.68346974789916,0.04201680672268908,1.114647899159664,0.21653865546218487,4.65546218487395,0.6813455657492354,0.17387883556254918,3.685185185185185,0.256384724751191,-0.07961340206185565,-0.20300374882849112,-0.7709529207189822,0.23890217647058826,402.49456363636364,0.0,119.0,-0.07901188948098596
Elk,bot,LPL,1,93,0.398,Bilibili Gaming|Ultra Prime,59.0,64.3,68.8,53.8,54.1,60.5,5.9,6.4,6.9,5.4,5.4,6.0,0.0,0.0,0.0,630.341364516129,0.29787294623655913,9.28685053763441,0.0,1.3860021505376345,0.44532043010752687,5.172043010752688,0.7119932432432432,0.1704707560627675,2.150537634408602,0.2388723936747221,0.0,2.1222165887882487,-0.9963272733171138,0.27635918279569893,0.0,0.0,93.0,-0.04471288348647962
Angel,mid,LPL,1,93,0.559,Weibo Gaming,50.9,71.2,60.0,57.5,63.2,60.2,5.1,7.1,6.0,5.8,6.3,6.0,0.0,0.0,0.0,530.6943569892474,0.24629560860215055,8.65472688172043,0.0,1.3057978494623657,0.30733333333333335,6.731182795698925,0.6823228010247652,0.13227513227513227,2.3655913978494625,0.22452263682572202,-0.10731124662098443,0.15672345508266805,-0.7772715541184013,0.2331283870967742,0.0,0.0,93.0,0.0026000130059768488
Rookie,mid,LPL,1,85,0.635,Victory Five,58.9,64.3,57.2,57.8,61.0,60.1,5.9,6.4,5.7,5.8,6.1,6.0,0.0,0.0,0.0,593.395754117647,0.26558776470588236,8.26074,0.0,1.096149411764706,0.2829847058823529,7.011764705882353,0.7083647324792766,0.1713747645951036,3.458823529411765,0.23900528745790603,-0.21143699825870357,-0.3190567276946013,-0.7494882347732275,0.22970802352941178,0.0,0.0,85.0,-0.04211353408777822
Wink,sup,LPL,1,33,0.455,Invictus Gaming,71.9,66.2,55.8,48.5,38.6,60.1,7.2,6.6,5.6,4.8,3.9,6.0,0.0,0.0,0.0,234.7344696969697,0.1105049212121212,1.6217575757575757,0.0,2.497569696969697,0.348330303030303,13.242424242424242,0.7382075471698113,0.21132075471698114,0.36363636363636365,0.2144422663290588,0.0,0.0,-0.9790053556077986,0.10982848484848486,0.0,0.0,33.0,-0.20961199108542666
Ming,sup,LPL,1,156,0.667,Royal Never Give Up,69.5,53.9,46.2,51.8,74.6,59.5,7.0,5.4,4.6,5.2,7.5,6.0,297.3695652173913,180.69565217391303,-3.891304347826087,157.45829166666667,0.07588735576923077,1.166072435897436,0.03205128205128205,2.7521852564102565,0.34665576923076924,15.205128205128204,0.6908569085690857,0.2310712282669658,0.02727272727272727,0.18244632828284138,-0.3456540290660526,-0.24421837441353456,-0.9420149258816165,0.09632720448717949,429.4067608695652,0.0,156.0,0.30409965233112946
XLB,jng,LPL,1,26,0.731,Victory Five,62.5,67.6,57.0,52.5,42.5,58.9,6.2,6.8,5.7,5.2,4.2,5.9,0.0,0.0,0.0,371.75661538461543,0.15469872692307693,5.035957692307692,0.0,1.6223807692307692,0.4866769230769231,8.961538461538462,0.7142857142857143,0.20921985815602837,10.153846153846153,0.18679518072289159,-0.22335882411361602,0.0,-0.7316988269493565,0.1818721153846154,0.0,0.0,26.0,-0.2821068938807126
Bin,top,LPL,1,140,0.621,Bilibili Gaming|Royal Never Give Up,69.5,44.0,66.4,42.4,71.0,58.2,7.0,4.4,6.6,4.2,7.1,5.8,475.18518518518516,443.48148148148147,8.25925925925926,487.1125778571428,0.2358755042857143,8.62207857142857,0.10714285714285714,0.9441821428571427,0.16708857142857142,4.735714285714286,0.5105189340813464,0.20340975896531452,3.982300884955752,0.24479708336378989,-0.14071316896796973,0.0010997377548430164,-0.849513597239893,0.23888932857142856,471.5313370370371,0.0,140.0,-0.06538113056168439
FoFo,mid,LPL,1,67,0.522,Bilibili Gaming,55.9,59.2,65.5,56.9,53.1,58.1,5.6,5.9,6.5,5.7,5.3,5.8,0.0,0.0,0.0,548.9584940298507,0.27140205970149256,8.217086567164179,0.0,1.1169059701492539,0.21169253731343285,4.611940298507463,0.6765350877192983,0.1570926143024619,3.373134328358209,0.23427545819856904,0.04919996443554605,0.16280946014476047,-0.7395960464709789,0.22233485074626866,0.0,0.0,67.0,-0.18898162317230946
Xun,jng,LPL,1,96,0.427,Bilibili Gaming|Invictus Gaming,64.1,50.1,65.5,49.6,61.2,58.0,6.4,5.0,6.5,5.0,6.1,5.8,0.0,0.0,0.0,351.0147729166667,0.17690408854166664,6.04369375,0.0,1.3061791666666667,0.31743645833333334,10.65625,0.7315112540192926,0.21585279547062985,11.291666666666666,0.21837309338695934,0.0,1.3866627668909035,-0.9844820759725995,0.19776195833333332,0.0,0.0,96.0,0.20254492579344877
Betty,bot,LPL,1,83,0.386,Anyone's Legend,48.1,66.0,57.9,68.4,49.0,57.7,4.8,6.6,5.8,6.8,4.9,5.8,0.0,0.0,0.0,525.3522722891566,0.27372618072289157,8.546913253012049,0.0,1.2561180722891567,0.406044578313253,4.397590361445783,0.7541625857002938,0.16048317515099222,0.9518072289156626,0.23121879514408095,0.0,0.0,-0.9386350627814253,0.25775401204819276,0.0,0.0,83.0,-0.16916570229700373
Hang,sup,LPL,1,97,0.464,FunPlus Phoenix|LNG Esports,54.1,60.0,55.5,56.9,63.8,57.5,5.4,6.0,5.5,5.7,6.4,5.8,0.0,0.0,0.0,163.6009206185567,0.08313509587628866,1.189561855670103,0.0,2.5692309278350516,0.3523278350515464,13.505154639175258,0.7322175732217573,0.21722560975609756,0.041237113402061855,0.18078418396889734,0.24815623180044313,0.33216674740239605,-1.059669098380489,0.09419263711340206,0.0,0.0,97.0,0.438006628488716
Rich,top,LPL,1,96,0.667,Victory Five,57.7,60.8,57.7,44.9,65.8,57.4,5.8,6.1,5.8,4.5,6.6,5.7,0.0,0.0,0.0,553.7084645833334,0.24871265625000002,8.129238541666666,0.0,1.0828635416666665,0.26310937500000003,4.25,0.536472148541114,0.23031329381879762,5.354166666666667,0.2106011235126727,-0.15377387170770818,-0.5346157035071719,-0.8394081768766356,0.22147075000000002,0.0,0.0,96.0,0.137210628349869
HOYA,top,LPL,1,55,0.527,Dplus Kia|ThunderTalk Gaming,42.1,64.1,68.0,61.1,58.0,56.9,4.2,6.4,6.8,6.1,5.8,5.7,-19.22222222222222,-213.88888888888889,-3.3333333333333335,459.7759509090909,0.22487465454545452,7.324552727272727,0.01818181818181818,1.1812581818181818,0.2375490909090909,8.50909090909091,0.56625,0.22836879432624113,2.0434782608695654,0.2509903151544018,0.14408872524808036,-0.2154820169727449,-0.8987512236945169,0.20556098181818183,684.1019666666666,0.0,55.0,0.3497270866499885
Breathe,top,LPL,1,134,0.59,Bilibili Gaming|Royal Never Give Up,54.7,58.2,56.3,49.7,70.4,56.9,5.5,5.8,5.6,5.0,7.0,5.7,141.8421052631579,2.8947368421052633,0.7368421052631579,493.3149365671641,0.23663827313432834,8.53524328358209,0.06716417910447761,1.0484246268656716,0.21410447761194032,5.619402985074627,0.5471599791558103,0.21283158544108574,4.773913043478261,0.23628453411464082,-0.3823646555488604,-0.6180027845930155,-0.8657031503160333,0.23835560447761195,755.7222210526315,0.0,134.0,-0.011921831637372813
Shanks,mid,LPL,1,58,0.224,Team WE,55.0,65.0,49.3,60.2,48.3,56.7,5.5,6.5,4.9,6.0,4.8,5.7,0.0,0.0,0.0,519.4176034482759,0.28342562068965516,8.708137931034482,0.0,1.0515620689655172,0.27491724137931034,4.775862068965517,0.7529610829103215,0.17142857142857143,1.7586206896551724,0.23107435679954766,0.0,0.0,-1.0759429852134774,0.24430529310344828,0.0,0.0,58.0,0.1331423401688781
Beichuan,jng,LPL,1,96,0.542,FunPlus Phoenix|FunPlus Phoenix Blaze|ThunderTalk Gaming,57.0,60.6,53.9,47.9,58.1,56.1,5.7,6.1,5.4,4.8,5.8,5.6,0.0,0.0,0.0,316.51925,0.15485605104166666,5.609000000000001,0.0,1.6090635416666668,0.4141875,9.114583333333334,0.6944644140905823,0.2208,13.302083333333334,0.21706096335210093,-0.05165576407506701,-0.4641018766756032,-0.9299543143876843,0.18087144791666665,0.0,0.0,96.0,-0.05945036951807763
Doinb,mid,LPL,1,113,0.531,LNG Esports,53.9,61.7,50.5,54.2,58.8,56.0,5.4,6.2,5.0,5.4,5.9,5.6,0.0,0.0,0.0,538.6884469026548,0.2632912300884956,8.742317699115045,0.0,1.1682884955752213,0.2599637168141593,4.3628318584070795,0.7058423913043478,0.18220946915351507,2.7079646017699117,0.23128310494276821,-0.25352915508198504,-0.36192472988042473,-0.8560445485859147,0.23546675221238939,0.0,0.0,113.0,-0.27900160050256695
Meiko,sup,LPL,1,119,0.605,EDward Gaming,52.9,50.3,64.8,51.4,69.6,55.9,5.3,5.0,6.5,5.1,7.0,5.6,-14.545454545454545,63.18181818181818,3.3636363636363638,152.42496470588236,0.07114478655462185,1.10950756302521,0.008403361344537815,2.5910285714285717,0.3331252100840336,14.142857142857142,0.7015290519877676,0.24075531077891424,0.06481481481481481,0.2362546660969258,0.2217023709348933,-0.08757757815634089,-0.858372168514458,0.09385219915966386,239.96545454545455,0.0,119.0,0.24518457856101186
Ucal,mid,LPL,1,85,0.447,ThunderTalk Gaming,51.6,56.6,61.3,48.8,67.4,55.9,5.2,5.7,6.1,4.9,6.7,5.6,0.0,0.0,0.0,514.7180152941177,0.26186702352941177,8.704069411764706,0.0,1.0427894117647059,0.2712717647058823,4.070588235294117,0.6587591240875912,0.15090735434574976,1.6705882352941177,0.2732203060559578,0.0,-0.45483124412533676,-0.8318569199267678,0.2420904823529412,0.0,0.0,85.0,0.35091477035596164
shanji,top,LPL,1,92,0.478,Oh My God,53.7,57.3,42.8,63.4,65.0,55.8,5.4,5.7,4.3,6.3,6.5,5.6,0.0,0.0,0.0,498.50715652173915,0.25316440217391306,8.066910869565218,0.0,0.887845652173913,0.15972173913043478,5.619565217391305,0.6317180616740088,0.19705197827773469,2.967391304347826,0.13739665387956698,0.27708603840634183,-0.8037996309710927,-1.0346740529763545,0.2285154239130435,0.0,0.0,92.0,0.45752104390274434
Care,mid,LPL,1,68,0.471,FunPlus Phoenix,43.4,70.5,56.6,56.6,51.7,55.7,4.3,7.0,5.7,5.7,5.2,5.6,0.0,0.0,0.0,460.4473544117647,0.23122223529411765,8.209944117647058,0.0,1.413069117647059,0.37972058823529414,6.323529411764706,0.6922183507549361,0.18708971553610504,2.1176470588235294,0.23264015075038694,-0.04231086233912106,0.1284292947132933,-0.910034989272509,0.21914870588235294,0.0,0.0,68.0,-0.03943529411764717
SofM,jng,LPL,1,93,0.559,Weibo Gaming,47.6,61.6,64.7,45.1,62.9,55.4,4.8,6.2,6.5,4.5,6.3,5.5,0.0,0.0,0.0,270.42004731182794,0.12719898817204303,5.528217204301075,0.0,1.6770784946236559,0.4610344086021505,11.64516129032258,0.6327924850555081,0.19223985890652556,12.03225806451613,0.24587889859703937,-0.016063192493240726,0.011878217861920871,-0.8777865212965095,0.1692055376344086,0.0,0.0,93.0,0.1585270398867154
Chieftain,jng,LPL,1,46,0.522,NASR eSports Turkey|ThunderTalk Gaming,68.1,41.3,50.5,47.2,71.6,55.4,6.8,4.1,5.0,4.7,7.2,5.5,515.0454545454545,333.90909090909093,11.318181818181818,239.53006304347826,0.12304421739130436,5.606571739130436,0.15217391304347827,1.441641304347826,0.3640152173913044,9.434782608695652,0.6357267950963222,0.23622047244094488,10.625,0.1643250089048957,-0.014359582944816568,0.12604899550733237,-0.9081052233171203,0.16527745652173914,804.6150045454546,0.0,46.0,1.47123719464145
Crisp,sup,LPL,1,98,0.5,Bilibili Gaming,47.8,60.1,55.7,55.4,62.7,55.3,4.8,6.0,5.6,5.5,6.3,5.5,0.0,0.0,0.0,146.76886530612245,0.07136703061224489,1.1033836734693878,0.0,2.631965306122449,0.36518979591836737,17.26530612244898,0.7213114754098361,0.2172549019607843,0.030612244897959183,0.24116484059642473,-0.010103489953165084,-0.6578536536234073,-0.9036248734487804,0.09270854285714285,0.0,0.0,98.0,0.16503808018393437
Leyan,jng,LPL,1,87,0.425,Rare Atom,58.0,64.7,43.8,46.7,54.3,55.2,5.8,6.5,4.4,4.7,5.4,5.5,0.0,0.0,0.0,317.30728620689655,0.15980641264367818,6.015486206896552,0.0,1.5878724137931035,0.485,6.252873563218391,0.6875,0.21121039805036557,14.149425287356323,0.20509368487601565,-0.238016855662461,-0.6289473384095462,-1.0284483403004345,0.18530354022988504,0.0,0.0,87.0,0.03396287898797048
ON,sup,LPL,1,100,0.58,Bilibili Gaming|Weibo Gaming,61.3,62.3,45.2,36.3,63.4,55.2,6.1,6.2,4.5,3.6,6.3,5.5,0.0,0.0,0.0,196.466341,0.08757180999999999,1.441555,0.0,3.0864730000000002,0.48184899999999997,14.98,0.6541635408852213,0.26311475409836066,0.23,0.19735876517033937,-0.4112015966074669,0.19014139563974256,-1.108181961030796,0.09646672199999999,0.0,0.0,100.0,0.4422062049514257
Tarzan,jng,LPL,1,113,0.531,LNG Esports,50.0,59.1,48.0,56.6,65.2,54.9,5.0,5.9,4.8,5.7,6.5,5.5,0.0,0.0,0.0,276.79502300884957,0.13790545486725664,4.9507230088495575,0.0,1.5574893805309733,0.39581592920353986,11.150442477876107,0.7072010869565217,0.2116212338593974,8.389380530973451,0.16715044930324857,-0.08919282271773965,-0.24000219543486773,-0.8881140048462735,0.1643059203539823,0.0,0.0,113.0,0.03400763984704272
Mole,mid,LPL,1,28,0.429,Invictus Gaming,54.0,54.4,50.6,64.6,50.9,54.9,5.4,5.4,5.1,6.5,5.1,5.5,0.0,0.0,0.0,532.1345857142857,0.2678311428571429,7.5229,0.0,1.0174178571428572,0.23808214285714285,5.821428571428571,0.7312138728323699,0.20046620046620048,1.6785714285714286,0.21008961168270823,0.0,0.0,-0.9775627190564671,0.20633335714285714,0.0,0.0,28.0,0.41666666666666646
Clid,jng,LPL,1,83,0.458,FunPlus Phoenix,47.1,67.9,43.3,58.8,55.4,54.8,4.7,6.8,4.3,5.9,5.5,5.5,0.0,0.0,0.0,257.655221686747,0.13151391686746988,5.210087951807229,0.0,1.617031325301205,0.4296409638554217,11.975903614457831,0.7135969141755063,0.18772241992882563,9.91566265060241,0.19197591680350298,-0.45094048710783396,-0.2400635290806377,-0.9619276979626779,0.17061889156626506,0.0,0.0,83.0,0.034554274906009264
Xiaohao,jng,LPL,1,83,0.386,Anyone's Legend,52.3,58.1,51.3,58.4,53.1,54.7,5.2,5.8,5.1,5.8,5.3,5.5,0.0,0.0,0.0,282.66880361445783,0.1479099313253012,5.509480722891566,0.0,1.3718530120481927,0.37672168674698797,9.903614457831326,0.7355533790401567,0.19240724762726488,5.9156626506024095,0.19694066551702116,0.0,0.0,-1.0112893040233808,0.18203456626506023,0.0,0.0,83.0,0.0007732911945668446
Kedaya,sup,LPL,1,62,0.274,Team WE,44.6,57.9,70.1,54.3,52.8,54.7,4.5,5.8,7.0,5.4,5.3,5.5,0.0,0.0,0.0,126.06069677419356,0.07220599516129032,1.1807870967741936,0.0,2.5635370967741937,0.3722935483870968,15.096774193548388,0.7155555555555555,0.2209695603156708,0.06451612903225806,0.33202768309058983,0.0,0.0,-0.9240382990216983,0.09160499838709678,0.0,0.0,62.0,0.16090096939745274
Xiaoxiang,top,LPL,1,33,0.515,EDward Gaming|ThunderTalk Gaming,53.1,53.6,73.3,48.9,42.1,54.5,5.3,5.4,7.3,4.9,4.2,5.5,0.0,0.0,0.0,500.29721818181815,0.2479300606060606,7.949560606060607,0.0,1.0766363636363636,0.22841212121212123,4.484848484848484,0.5732217573221757,0.2582278481012658,1.7272727272727273,0.297856477166822,0.0,-0.2913815693696318,-0.823155563473735,0.21847069696969695,0.0,0.0,33.0,-0.30323849833827626
Strive,mid,LPL,1,87,0.425,Rare Atom,51.4,61.9,52.5,53.4,49.2,54.4,5.1,6.2,5.2,5.3,4.9,5.4,0.0,0.0,0.0,513.9043942528735,0.26052920689655173,8.90009540229885,0.0,1.1759793103448275,0.24816436781609194,5.011494252873563,0.690625,0.16328188464662877,2.310344827586207,0.22325603760720567,-0.002883459689349074,-0.09353041789940829,-0.9527082958575608,0.2378826551724138,0.0,0.0,87.0,-0.27647909586383523
xiye,mid,LPL,1,25,0.4,Team WE,48.0,64.2,53.4,58.7,43.5,54.2,4.8,6.4,5.3,5.9,4.3,5.4,0.0,0.0,0.0,461.48692000000005,0.26774222000000003,7.9826,0.0,1.1834479999999998,0.237532,4.44,0.7414965986394558,0.17777777777777778,1.8,0.19820123664980327,0.0,0.0,-0.8707249244841608,0.24066548000000001,0.0,0.0,25.0,-0.008998548621190013
Tian,jng,LPL,1,117,0.65,Top Esports,42.5,54.2,66.1,51.8,67.0,53.7,4.2,5.4,6.6,5.2,6.7,5.4,-300.0,-82.33333333333333,1.1666666666666667,276.09063333333336,0.13180438547008547,5.446112820512821,0.0,1.5901581196581196,0.42921367521367526,12.863247863247864,0.6716417910447762,0.23616523772408418,11.81081081081081,0.23303281247833357,-0.025873493131509707,0.19886427765533013,-0.8132059343454318,0.17033835897435898,826.08235,0.0,117.0,-0.03833970173705079
Flandre,top,LPL,1,107,0.598,EDward Gaming,45.6,53.8,52.4,56.9,70.2,53.6,4.6,5.4,5.2,5.7,7.0,5.4,-49.45454545454545,-192.36363636363637,-6.181818181818182,509.3974299065421,0.23573751401869159,8.57418598130841,0.0,0.939622429906542,0.20979813084112148,4.5046728971962615,0.5786555786555787,0.21484716157205241,2.84375,0.16762816944435927,-0.17276097136129284,-0.10944944887215884,-0.8591336307483362,0.23504576635514018,827.7954727272728,0.0,107.0,0.30030383636364283
Southwind,sup,LPL,1,54,0.296,Rare Atom|ThunderTalk Gaming,49.3,57.6,63.5,45.8,49.8,53.2,4.9,5.8,6.3,4.6,5.0,5.3,0.0,0.0,0.0,143.32025185185185,0.07920042777777778,1.5081185185185186,0.0,2.5722777777777774,0.34660925925925923,17.40740740740741,0.6842105263157895,0.18651362984218078,0.1111111111111111,0.2776132127665364,0.0,0.0,-0.9723015778187961,0.10057341666666667,0.0,0.0,54.0,0.17587110769647937
Shad0w,jng,LPL,1,64,0.344,LGD Gaming,56.5,52.9,51.3,47.6,53.7,53.0,5.7,5.3,5.1,4.8,5.4,5.3,0.0,0.0,0.0,302.395421875,0.1602322109375,5.4732921875,0.0,1.412609375,0.388165625,11.984375,0.6739974126778784,0.19502487562189055,10.015625,0.19377536906878934,0.0,0.0,-0.9975490094653608,0.181609140625,0.0,0.0,64.0,0.2757602016700802
Hope,bot,LPL,1,120,0.683,JD Gaming|Team WE,40.1,55.1,57.0,58.0,67.5,52.9,4.0,5.5,5.7,5.8,6.8,5.3,-441.35714285714283,-341.5,-2.9285714285714284,608.7507666666667,0.2622701016666667,9.248615833333334,0.075,1.3578241666666666,0.39788333333333337,5.133333333333334,0.6698930208863983,0.1759379042690815,3.443396226415094,0.22549121079243714,-0.24779166507585568,-0.3402172064433053,-0.7547576096282123,0.258902825,347.60880714285713,0.0,120.0,-0.038390397371347515
Yagao,mid,LPL,1,135,0.674,Bilibili Gaming|JD Gaming,34.5,63.2,48.8,59.3,72.5,52.8,3.5,6.3,4.9,5.9,7.2,5.3,-335.85714285714283,-412.2142857142857,-13.071428571428571,535.4838533333334,0.23206240518518517,8.364368148148147,0.014814814814814815,1.2495607407407407,0.29564814814814816,4.237037037037037,0.6517006802721088,0.16552901023890784,3.256198347107438,0.19783265910349127,-0.253649791335013,-0.4556103266278971,-0.7712907294633796,0.22359032592592593,432.25142142857146,0.0,135.0,0.06769876946966842
huanfeng,bot,LPL,1,111,0.577,ThunderTalk Gaming|Weibo Gaming,45.9,55.5,54.3,48.1,67.9,52.7,4.6,5.5,5.4,4.8,6.8,5.3,0.0,0.0,0.0,539.6724459459459,0.24993836936936936,9.842974774774776,0.0,1.3032729729729728,0.3488918918918919,4.675675675675675,0.6505119453924915,0.1363973313565604,3.3333333333333335,0.19795382526029878,-0.2089412024756853,0.045258620689655145,-0.8105086000584766,0.27102786486486485,0.0,0.0,111.0,0.1033006043360051
ppgod,sup,LPL,1,99,0.667,Victory Five,49.6,42.6,67.8,47.1,69.8,52.7,5.0,4.3,6.8,4.7,7.0,5.3,0.0,0.0,0.0,158.65631919191918,0.07023106565656566,1.52850202020202,0.0,2.1909242424242423,0.2568656565656566,12.282828282828282,0.7028938906752411,0.20624486442070666,0.050505050505050504,0.3240671241689899,-0.35369151420016093,-0.21289029007109972,-0.7871081819887438,0.10102193535353535,0.0,0.0,99.0,0.4147422418895684
LvMao,sup,LPL,1,84,0.524,LNG Esports,47.6,45.8,65.0,52.8,62.8,52.6,4.8,4.6,6.5,5.3,6.3,5.3,0.0,0.0,0.0,144.39877619047618,0.07201705119047619,0.7896285714285715,0.0,2.4892619047619045,0.2946154761904762,17.464285714285715,0.6978021978021978,0.22840690978886757,0.0,0.24610709334644518,0.33981474150898583,0.019713403530995224,-0.9640219393241226,0.08652442857142857,0.0,0.0,84.0,0.4231913455037186
View,jng,LPL,1,41,0.293,Team WE|Team WE Academy,48.9,63.9,44.7,56.9,40.7,52.4,4.9,6.4,4.5,5.7,4.1,5.2,0.0,0.0,0.0,254.80714634146344,0.1444863268292683,5.155509756097561,0.0,1.4954121951219512,0.46021951219512197,9.585365853658537,0.7354988399071926,0.20833333333333334,6.2439024390243905,0.175515230722831,0.0,0.0,-1.091629720985064,0.18005163414634145,0.0,0.0,41.0,-0.014039447350212593
Weiwei,jng,LPL,1,84,0.512,Bilibili Gaming,49.4,56.6,54.9,47.2,54.8,52.4,4.9,5.7,5.5,4.7,5.5,5.2,0.0,0.0,0.0,275.4308511904762,0.1354004630952381,5.347982142857143,0.0,1.5840583333333333,0.44170595238095234,12.023809523809524,0.6835555555555556,0.23176361957525393,10.583333333333334,0.19177087215747846,0.0629508959739353,0.4769994569854939,-1.0120579933004847,0.17269079761904763,0.0,0.0,84.0,0.07439937117665134
Wayward,top,LPL,1,112,0.661,Top Esports,45.2,47.0,63.3,50.2,66.7,51.9,4.5,4.7,6.3,5.0,6.7,5.2,-47.0,-103.83333333333333,2.0,460.65302410714287,0.22628673214285716,8.422500892857142,0.008928571428571428,0.9742919642857143,0.16846785714285714,6.625,0.5375302663438256,0.22442244224422442,4.849056603773585,0.19545968790029267,0.033869135717481985,0.22626817302065996,-0.846410424150103,0.225192,694.1360500000001,0.0,112.0,-5.098095861187585e-05
Xiaolaohu,top,LPL,1,64,0.422,FunPlus Phoenix,53.2,57.8,54.3,41.9,44.4,51.7,5.3,5.8,5.4,4.2,4.4,5.2,0.0,0.0,0.0,480.557703125,0.2593518125,8.8210640625,0.0,1.011753125,0.2262640625,4.5625,0.5537848605577689,0.21612541993281076,4.796875,0.2314243679163034,0.04634026526936294,-0.6463075159652857,-1.0489386463824144,0.248467359375,0.0,0.0,64.0,-0.19030470914127418
Able,bot,LPL,1,92,0.478,Oh My God,44.4,64.6,35.9,47.4,65.4,51.3,4.4,6.5,3.6,4.7,6.5,5.1,0.0,0.0,0.0,506.0609728260869,0.2544732391304348,9.14298152173913,0.0,1.6303521739130435,0.4996945652173913,3.5,0.6801762114537445,0.186966640806827,1.5434782608695652,0.1416312230765036,-0.37093044595338603,-0.7844558634611856,-1.0146681361288417,0.2702437173913043,0.0,0.0,92.0,0.34780439121756485
Cryin,mid,LPL,1,79,0.342,Ultra Prime,60.5,45.0,48.6,51.0,45.9,51.3,6.0,4.5,4.9,5.1,4.6,5.1,0.0,0.0,0.0,582.4679443037974,0.28381532911392404,8.214273417721518,0.0,0.8647632911392404,0.18628987341772152,4.379746835443038,0.673866090712743,0.16979591836734695,1.4556962025316456,0.20819531249999995,0.0,0.0,-1.0207851543170685,0.23479184810126583,0.0,0.0,79.0,-0.2506627480373979
TheShy,top,LPL,1,93,0.559,Weibo Gaming,69.0,37.4,41.6,42.5,60.7,51.2,6.9,3.7,4.2,4.2,6.1,5.1,0.0,0.0,0.0,622.3154408602151,0.2927439677419355,8.361625806451613,0.0,0.8630516129032259,0.15889999999999999,4.333333333333333,0.5644748078565329,0.2751322751322751,3.7096774193548385,0.19333371059928695,-0.46676860089264577,-0.45306517900395354,-1.058942762778521,0.2298610430107527,0.0,0.0,93.0,0.2632870083519539
Cube,top,LPL,1,84,0.417,Rare Atom,49.2,54.3,49.0,49.8,53.5,51.1,4.9,5.4,4.9,5.0,5.3,5.1,0.0,0.0,0.0,466.80379523809523,0.2407154880952381,8.60490238095238,0.0,0.9626333333333333,0.17702619047619048,4.583333333333333,0.5570175438596491,0.18671152228763668,3.511904761904762,0.20700767997703182,-0.335091753581462,-0.3689006474671504,-0.9803647118822308,0.23319630952380951,0.0,0.0,84.0,-0.09681660249788712
JunJia,jng,LPL,1,25,0.68,EDward Gaming,49.9,53.8,51.5,56.4,40.3,51.1,5.0,5.4,5.2,5.6,4.0,5.1,0.0,0.0,0.0,297.109828,0.12521596000000002,4.461944,0.0,1.5419919999999998,0.37237200000000004,11.92,0.6883720930232559,0.21232876712328766,7.0,0.21579425039246466,-0.608021441562171,-0.14233751316167323,-0.7921408461568266,0.15434908,0.0,0.0,25.0,-0.3193343332619098
Puff,bot,LPL,1,53,0.283,ThunderTalk Gaming,52.0,50.3,48.4,45.3,60.4,50.9,5.2,5.0,4.8,4.5,6.0,5.1,0.0,0.0,0.0,533.6697132075471,0.2973592075471698,9.047581132075472,0.0,1.3155113207547169,0.41913207547169806,4.0,0.6776556776556777,0.19734904270986744,1.4528301886792452,0.19584848304226027,0.0,0.0,-1.0679625715271748,0.2718001320754717,0.0,0.0,53.0,0.5606838737170019
Doggo,bot,LPL,1,88,0.5,Bilibili Gaming|Bilibili Gaming Junior,54.7,50.3,46.3,48.3,52.4,50.9,5.5,5.0,4.6,4.8,5.2,5.1,0.0,0.0,0.0,595.7743409090909,0.28497853409090906,9.615313636363636,0.0,1.2675761363636364,0.3401625,6.125,0.6756055363321799,0.17657497781721385,3.0795454545454546,0.20932387147644393,-0.23910728088273778,-0.6438374506259624,-0.9513621927620796,0.26894475,0.0,0.0,88.0,-0.09481072016396992
Ahn,bot,LPL,1,45,0.444,Invictus Gaming,50.6,51.5,49.0,53.9,49.0,50.9,5.1,5.2,4.9,5.4,4.9,5.1,0.0,0.0,0.0,568.7489177777778,0.2702862888888889,8.667393333333335,0.0,1.31122,0.36561333333333335,3.6,0.6920473773265652,0.19519094766619519,2.688888888888889,0.18090839107005388,0.0,0.0,-0.9909042048109927,0.25388166222222225,0.0,0.0,45.0,0.20638864241348706
Creme,mid,LPL,1,89,0.483,Oh My God,61.7,49.9,32.3,45.0,57.7,50.8,6.2,5.0,3.2,4.5,5.8,5.1,0.0,0.0,0.0,582.3679786516853,0.29335149438202246,8.338369662921348,0.0,1.1360044943820224,0.2620550561797753,4.775280898876405,0.6435643564356436,0.18645418326693228,1.2134831460674158,0.1310059059494975,-0.5776505670069433,-0.6880373506301286,-1.0159087889938292,0.23342051685393256,0.0,0.0,89.0,0.12202856147683734
Lwx,bot,LPL,1,95,0.474,FunPlus Phoenix,49.9,51.9,46.9,47.3,59.7,50.7,5.0,5.2,4.7,4.7,6.0,5.1,0.0,0.0,0.0,542.6502757894737,0.2780198526315789,9.572388421052631,0.0,1.2847715789473684,0.3959157894736842,4.621052631578947,0.6836301950805768,0.18935837245696402,2.5789473684210527,0.15535491535491533,-0.029913212936070778,0.22756447722176754,-0.9783969794353965,0.27177914736842107,0.0,0.0,95.0,0.0953849693800228
Zoom,top,LPL,1,49,0.306,Top Esports|Ultra Prime,45.3,62.0,49.7,54.8,35.5,50.7,4.5,6.2,5.0,5.5,3.5,5.1,0.0,0.0,0.0,446.3843959183673,0.2245297102040816,8.389867346938775,0.0,1.0328836734693878,0.19387755102040816,5.653061224489796,0.5868725868725869,0.18598382749326145,1.8775510204081634,0.1886197372349955,0.0,0.0,-1.0831018931642116,0.23484528571428573,0.0,0.0,49.0,-0.5909533468559838
Iwandy,sup,LPL,1,33,0.545,LNG Esports|Team WE,49.7,65.8,36.8,49.7,38.7,50.5,5.0,6.6,3.7,5.0,3.9,5.0,0.0,0.0,0.0,154.85122424242425,0.07325911212121212,1.230048484848485,0.0,2.880630303030303,0.39881212121212123,15.93939393939394,0.7225950782997763,0.2591687041564792,0.2727272727272727,0.1328305489260143,-0.8139555244265453,0.0,-1.0055140498589519,0.09404333333333333,0.0,0.0,33.0,-0.1685957102387696
yaoyao,sup,LPL,1,30,0.5,ThunderTalk Gaming,43.0,54.3,57.7,59.2,38.7,50.4,4.3,5.4,5.8,5.9,3.9,5.0,0.0,0.0,0.0,127.06509,0.06472950000000001,1.1572133333333334,0.0,2.5349633333333332,0.27388,16.766666666666666,0.726161369193154,0.20580474934036938,0.0,0.2097338196726253,0.0,0.0,-0.9095467652977769,0.09071752000000001,0.0,0.0,30.0,-0.25504391686233596
Zika,top,LPL,1,76,0.382,Invictus Gaming|LNG Esports,42.9,58.7,49.9,48.9,52.5,50.2,4.3,5.9,5.0,4.9,5.2,5.0,0.0,0.0,0.0,423.63274210526316,0.2189884605263158,8.487518421052632,0.0,0.9623684210526315,0.2222355263157895,5.118421052631579,0.5554371002132196,0.17994858611825193,2.986842105263158,0.17544970047510847,0.0,0.0,-1.0276033876030242,0.23751701315789475,0.0,0.0,76.0,0.03520000000000021
fearness,top,LPL,1,73,0.37,LGD Gaming,47.0,52.3,44.4,55.4,53.3,50.1,4.7,5.2,4.4,5.5,5.3,5.0,0.0,0.0,0.0,444.9710602739726,0.2377024520547945,7.915469863013699,0.0,0.918790410958904,0.17820958904109588,4.068493150684931,0.5859728506787331,0.1974050046339203,1.7534246575342465,0.16500860613880763,0.0,0.0,-1.1241293072529452,0.22811124657534249,0.0,0.0,73.0,0.2669997952296487
Zdz,top,LPL,1,83,0.386,Anyone's Legend,49.4,48.4,56.0,46.7,52.3,50.1,4.9,4.8,5.6,4.7,5.2,5.0,0.0,0.0,0.0,461.6955108433734,0.24494413253012046,8.328906024096385,0.0,0.9523590361445783,0.17835060240963857,7.373493975903615,0.5631733594515181,0.21225194132873165,1.6867469879518073,0.2227308839393362,0.0,0.0,-1.069704470182251,0.23747438554216868,0.0,0.0,83.0,0.007289276523458831
New,top,LPL,1,44,0.273,Qing Jiu E-sport Club|ThunderTalk Gaming,43.6,45.1,64.7,47.4,60.6,50.0,4.4,4.5,6.5,4.7,6.1,5.0,0.0,0.0,0.0,409.2353954545455,0.2321171818181818,7.8702,0.0,0.9555704545454545,0.15557045454545457,5.613636363636363,0.5398633257403189,0.20134228187919462,1.6136363636363635,0.24738675958188155,0.0,0.0,-0.958589247249641,0.22572961363636362,0.0,0.0,44.0,0.7068238859686508
XinLiu,sup,LPL,1,69,0.435,Invictus Gaming|ThunderTalk Gaming,56.1,48.1,47.6,40.6,54.5,50.0,5.6,4.8,4.8,4.1,5.5,5.0,0.0,0.0,0.0,169.01603768115945,0.08662584782608695,1.4351855072463768,0.0,2.6382550724637683,0.3327797101449275,17.043478260869566,0.6623093681917211,0.22142857142857142,0.08695652173913043,0.16327124233621312,0.0,-0.041243503165877535,-1.0282939467041112,0.09634411884057971,0.0,0.0,69.0,0.2886856065706206
QiuQiu,sup,LPL,1,77,0.39,Anyone's Legend,55.8,39.3,58.6,42.7,56.4,49.9,5.6,3.9,5.9,4.3,5.6,5.0,0.0,0.0,0.0,165.6138948051948,0.0878058168831169,1.5116753246753247,0.0,2.397333766233766,0.26941558441558444,13.402597402597403,0.6923076923076923,0.25847846012832265,0.06493506493506493,0.2536748451324136,0.0,0.0,-1.0352505309811435,0.0955958922077922,0.0,0.0,77.0,0.2900442197818452
ICON,mid,LPL,1,31,0.452,Bilibili Gaming,51.5,43.6,53.6,47.4,54.6,49.5,5.2,4.4,5.4,4.7,5.5,5.0,0.0,0.0,0.0,530.5129129032258,0.25141554516129033,8.50387741935484,0.0,0.9417225806451613,0.20124193548387098,5.838709677419355,0.6558265582655827,0.1872037914691943,1.7741935483870968,0.29128865476538873,-0.5782818891781331,-0.15656377835626614,-0.8612956217439098,0.2305792258064516,0.0,0.0,31.0,0.3850124647734663
Biubiu,top,LPL,1,71,0.31,Team WE,45.1,59.9,38.1,59.1,39.8,49.4,4.5,6.0,3.8,5.9,4.0,4.9,0.0,0.0,0.0,422.77743802816906,0.2359115633802817,7.9360788732394365,0.0,0.9933507042253521,0.1943394366197183,5.873239436619718,0.6081424936386769,0.20276953511374876,1.5211267605633803,0.1569256394185777,0.0,0.0,-1.2880308218915775,0.22722969014084507,0.0,0.0,71.0,-0.1737708962061651
Xing,bot,LPL,1,51,0.275,Team WE,46.7,58.3,45.3,50.5,38.4,49.1,4.7,5.8,4.5,5.0,3.8,4.9,0.0,0.0,0.0,498.8669647058823,0.2766462156862745,9.508564705882353,0.0,1.331613725490196,0.39557450980392156,4.980392156862745,0.6829268292682927,0.15675675675675677,1.7254901960784315,0.19233158072748516,0.0,0.0,-1.14999069236348,0.2747133529411765,0.0,0.0,51.0,-0.12701882949400564
beishang,jng,LPL,1,47,0.34,Team WE,43.9,58.1,41.3,60.3,38.1,49.1,4.4,5.8,4.1,6.0,3.8,4.9,0.0,0.0,0.0,232.24429361702127,0.1262004595744681,4.95681914893617,0.0,1.3940425531914893,0.41004255319148936,10.553191489361701,0.7309160305343512,0.21363636363636362,10.063829787234043,0.16290772414206744,0.0,0.0,-1.141206496747847,0.16439834042553192,0.0,0.0,47.0,-0.22015023674748105
Yuekai,mid,LPL,1,56,0.339,Invictus Gaming|LNG Esports,45.7,57.1,43.4,51.8,43.4,49.0,4.6,5.7,4.3,5.2,4.3,4.9,0.0,0.0,0.0,457.42221071428577,0.25235467857142857,8.321575,0.0,1.1713107142857144,0.2766517857142857,7.035714285714286,0.6814024390243902,0.18668252080856124,1.5714285714285714,0.18055412322513303,0.0,0.0,-1.071495097769888,0.22914948214285716,0.0,0.0,56.0,-0.07233873108574462
Karsa,jng,LPL,1,76,0.632,Victory Five,47.9,52.5,46.0,46.2,49.9,48.8,4.8,5.2,4.6,4.6,5.0,4.9,0.0,0.0,0.0,276.9576802631579,0.12554296842105264,5.403953947368421,0.0,1.5510368421052632,0.3837144736842106,13.171052631578947,0.6760204081632653,0.22616632860040567,11.447368421052632,0.18310118567975134,-0.12678605645220722,-0.5352894728530369,-0.939129422752718,0.17456385526315787,0.0,0.0,76.0,-0.19720435752723456
Forge,mid,LPL,1,65,0.431,Anyone's Legend,43.9,52.4,46.2,56.8,44.8,48.6,4.4,5.2,4.6,5.7,4.5,4.9,0.0,0.0,0.0,455.34323384615385,0.2380758769230769,8.388790769230768,0.0,0.9715846153846154,0.23324615384615385,5.230769230769231,0.7011904761904761,0.1735357917570499,0.9846153846153847,0.17799775758291042,0.0,0.0,-0.9866196300526249,0.22817106153846153,0.0,0.0,65.0,-0.2052054968570864
H4cker,jng,LPL,1,79,0.342,Ultra Prime,44.6,45.8,54.8,50.3,51.7,48.3,4.5,4.6,5.5,5.0,5.2,4.8,0.0,0.0,0.0,245.41588860759495,0.1229059746835443,5.170246835443038,0.0,1.3102544303797468,0.3656037974683544,9.49367088607595,0.6792656587473002,0.20653061224489797,7.0886075949367084,0.22803474032080387,0.0,0.0,-1.057027787801204,0.17104711392405064,0.0,0.0,79.0,0.05673898750821825
Ale,top,LPL,1,101,0.535,LNG Esports,49.5,44.7,53.0,42.2,54.5,48.2,5.0,4.5,5.3,4.2,5.5,4.8,0.0,0.0,0.0,480.4306910891089,0.23519621485148515,8.407954455445545,0.0,0.9127881188118812,0.1804059405940594,5.564356435643564,0.5392231530845393,0.23387096774193547,5.6138613861386135,0.24140873397005236,-0.33639220430504124,-0.20538400633412512,-1.0443708924430775,0.23218496039603959,0.0,0.0,101.0,-0.1564776370469344
Eric,bot,LPL,1,45,0.311,LGD Gaming,52.3,53.6,41.5,40.8,36.3,47.1,5.2,5.4,4.2,4.1,3.6,4.7,0.0,0.0,0.0,541.8445355555555,0.2955447333333333,9.099566666666666,0.0,1.4673755555555554,0.44353777777777775,5.044444444444444,0.6238361266294227,0.164804469273743,2.088888888888889,0.16003564427018357,0.0,0.0,-1.157021592555043,0.2696368222222222,0.0,0.0,45.0,-0.18202696744559455
iBoy,bot,LPL,1,84,0.417,Rare Atom,46.6,51.5,36.6,43.8,52.6,46.5,4.7,5.2,3.7,4.4,5.3,4.7,0.0,0.0,0.0,522.2739369047619,0.26380921428571424,9.282170238095238,0.0,1.3460583333333334,0.46647619047619043,4.107142857142857,0.6458333333333334,0.2001682085786375,5.261904761904762,0.16375207326746957,-0.49404928984449564,-0.469488575759277,-1.0579839186087159,0.25666607142857145,0.0,0.0,84.0,0.03766874930268874
Assum,bot,LPL,1,50,0.4,LGD Gaming|Rare Atom|Weibo Gaming Youth Team,55.4,38.0,55.3,40.6,38.8,46.5,5.5,3.8,5.5,4.1,3.9,4.7,0.0,0.0,0.0,581.49089,0.29687292,9.151484,0.0,1.044974,0.323358,3.84,0.6722972972972973,0.21708683473389356,2.66,0.21672542107324716,0.0,0.0,-0.9543867739382051,0.27846184,0.0,0.0,50.0,-0.26221297580520886
Jinjiao,sup,LPL,1,84,0.333,LGD Gaming,52.9,43.3,41.6,41.0,47.2,46.0,5.3,4.3,4.2,4.1,4.7,4.6,0.0,0.0,0.0,154.3462142857143,0.08501645714285715,1.300979761904762,0.0,2.5065011904761905,0.35068333333333335,13.380952380952381,0.6731958762886598,0.24376947040498442,0.011904761904761904,0.15594127332601537,0.0,0.0,-1.213859902434863,0.09521967380952381,0.0,0.0,84.0,-0.015455728439019413
Wink,bot,LPL,1,34,0.324,Invictus Gaming,43.9,55.9,38.4,46.3,36.0,45.6,4.4,5.6,3.8,4.6,3.6,4.6,0.0,0.0,0.0,481.9790176470588,0.2622125294117647,7.97755,0.0,1.612320588235294,0.5245764705882353,4.647058823529412,0.6379746835443038,0.20463320463320464,1.7352941176470589,0.1404996146348098,0.0,0.0,-1.2095078972048934,0.24103929411764705,0.0,0.0,34.0,-0.0652112276722427
Aki,jng,LPL,1,92,0.478,Oh My God,45.5,44.4,36.8,46.2,56.6,45.3,4.5,4.4,3.7,4.6,5.7,4.5,0.0,0.0,0.0,248.9092597826087,0.126534025,5.400591304347826,0.0,1.3447532608695651,0.3222608695652174,7.9021739130434785,0.6519823788546255,0.18929402637703646,7.6521739130434785,0.15120401337792644,-0.321107266435986,-0.7093425605536332,-0.9979978590814328,0.17710296739130432,0.0,0.0,92.0,0.032837911446580076
yuyanjia,sup,LPL,1,67,0.403,Rare Atom,47.4,41.9,42.1,45.4,46.3,44.7,4.7,4.2,4.2,4.5,4.6,4.5,0.0,0.0,0.0,141.09282985074628,0.07353218208955224,1.1795910447761195,0.0,2.5164537313432835,0.28457313432835823,13.791044776119403,0.6689750692520776,0.23350785340314137,0.05970149253731343,0.19813773531475848,-0.25025725806773264,-0.6614065036434921,-1.0701960716603727,0.08742177462686566,0.0,0.0,67.0,-0.038379245966505986
zs,top,LPL,1,24,0.375,Ultra Prime,43.1,41.8,49.9,51.4,38.7,44.6,4.3,4.2,5.0,5.1,3.9,4.5,0.0,0.0,0.0,433.47410833333333,0.21491301666666665,7.662045833333334,0.0,0.8991875,0.14325416666666665,5.875,0.5150501672240803,0.1725067385444744,0.875,0.19617391304347828,0.0,0.0,-1.1057206806084332,0.20927329166666667,0.0,0.0,24.0,0.039327987781596074
fate,sup,LPL,1,30,0.367,Royal Club|Team WE,49.7,37.7,52.8,43.6,37.5,44.6,5.0,3.8,5.3,4.4,3.8,4.5,0.0,0.0,0.0,143.48217333333332,0.08051775,0.9559666666666666,0.0,2.3722,0.26880666666666664,16.033333333333335,0.6419354838709678,0.20698254364089774,0.0,0.19181002323548849,0.0,0.0,-0.98537635445379,0.08633931333333335,0.0,0.0,30.0,-0.2534537725823592
COLD,sup,LPL,1,82,0.488,Oh My God,48.6,36.9,39.5,43.2,52.1,43.7,4.9,3.7,4.0,4.3,5.2,4.4,0.0,0.0,0.0,145.31631829268292,0.0752959487804878,1.1014231707317073,0.0,2.375020731707317,0.24891951219512196,17.23170731707317,0.6776061776061776,0.24870466321243523,0.012195121951219513,0.1679717795200703,-0.2714794179043957,-0.6559763917881868,-1.061660354529526,0.09143167439024391,0.0,0.0,82.0,0.052506879755124906
Kui,jng,LPL,1,20,0.3,LGD Gaming,41.2,46.4,52.6,38.5,37.8,43.5,4.1,4.6,5.3,3.9,3.8,4.3,0.0,0.0,0.0,210.67976,0.119156305,4.955415,0.0,1.54877,0.48909,10.95,0.6192893401015228,0.24372759856630824,8.7,0.2032967032967033,0.0,0.0,-1.0073872962514074,0.16801465,0.0,0.0,20.0,-0.09774436090225554
ShiauC,sup,LPL,1,68,0.353,Ultra Prime,44.6,46.3,38.3,44.1,37.1,43.1,4.5,4.6,3.8,4.4,3.7,4.3,0.0,0.0,0.0,134.31607647058826,0.06669958529411764,1.070639705882353,0.0,2.610388235294118,0.34486470588235296,18.764705882352942,0.6888619854721549,0.2662276575729069,0.11764705882352941,0.1405007734647624,0.0,0.0,-1.2955090732398604,0.09048284558823529,0.0,0.0,68.0,-0.35827856384352674
YeG,mid,LPL,1,39,0.333,LGD Gaming|Qing Jiu E-sport Club,40.5,39.5,44.0,43.5,44.7,41.8,4.0,4.0,4.4,4.3,4.5,4.2,0.0,0.0,0.0,431.72095384615386,0.22150622307692308,7.872664102564103,0.0,0.972902564102564,0.19466153846153847,6.846153846153846,0.6117886178861789,0.1869009584664537,1.4615384615384615,0.19289404322614653,0.0,0.0,-1.0959286937537436,0.22290397435897438,0.0,0.0,39.0,0.19111625514403288
Jay,mid,LPL,1,25,0.32,LGD Gaming,38.0,41.6,47.1,49.3,31.9,41.5,3.8,4.2,4.7,4.9,3.2,4.2,0.0,0.0,0.0,386.47633199999996,0.221674008,7.757576,0.0,0.927832,0.224672,3.44,0.6286764705882353,0.17829457364341086,0.8,0.21070540085065403,0.0,0.0,-1.0661917543032455,0.21431112,0.0,0.0,25.0,-0.6656067937197591
