team_id,code,name,slug,league,region_zh,region_en,tier,status,player_count,logo
102141671183409133,MU,Maryville University,maryville-university,NACL,北美赛区,NORTH AMERICA,academy,active,8,http://static.lolesports.com/teams/1773762488904_maryvilleesportslogo.png
102787200130988976,ASUS,ASUS ROG Elite,asus-rog-elite,EMEA Masters,EMEA赛区,EMEA,academy,active,8,https://lolstatic-a.akamaihd.net/esports-assets/production/team/asus-rog-elite-iouou6l.png
102787200134790084,FNCR,HMA Fnatic Rising,hma-fnatic-rising,EMEA Masters,EMEA赛区,EMEA,academy,archived,0,http://static.lolesports.com/teams/NLC_FNCR-logo.png
102787200143309800,EN,eNsure,ensure,EMEA Masters,EMEA赛区,EMEA,academy,active,0,https://lolstatic-a.akamaihd.net/esports-assets/production/team/ensure-5hi6e2cg.png
102787200147504121,SPKS,Campus Party Sparks,campus-party-sparks,EMEA Masters,EMEA赛区,EMEA,academy,archived,5,https://lolstatic-a.akamaihd.net/esports-assets/production/team/campus-party-sparks-5h2d1rjh.png
102787200157400101,FKN,FALKN,falkn,EMEA Masters,EMEA赛区,EMEA,academy,active,0,https://lolstatic-a.akamaihd.net/esports-assets/production/team/falkn-j72aqsqk.png
103461966971048042,EG,Evil Geniuses Challengers,eg-academy,,,,academy,active,0,http://static.lolesports.com/teams/1592590391188_EvilGeniusesEG-01-FullonDark.png
103461966975897718,IMT,Immortals Progressive Challengers,imt-academy,,,,academy,archived,0,http://static.lolesports.com/teams/imt-new-color.png
103461966981927044,DIG,Dignitas Challengers,dig-academy,,,,academy,active,1,http://static.lolesports.com/teams/DIG-FullonDark.png
103535282151674574,RYLA,Royal Youth Akademi,royal-youth-akademi,TCL,EMEA赛区,EMEA,academy,archived,1,https://lolstatic-a.akamaihd.net/esports-assets/production/team/royal-youth-akademi-ik7q4hsk.png
104841890701948065,EST,Estral Esports,estral-esports,Circuito Desafiante,巴西赛区,BRAZIL,academy,active,6,http://static.lolesports.com/teams/1774200288247_estral_c.png
105514907449611976,BDSA,Team BDS Academy,team-bds-academy,La Ligue Française,EMEA赛区,EMEA,academy,active,0,http://static.lolesports.com/teams/1641944663689_bdslogo.png
105536952747658409,MKRS,MKERS,mkers,EMEA Masters,EMEA赛区,EMEA,academy,archived,0,http://static.lolesports.com/teams/1642580912478_Mkers_Logo-YahyaOuhlichou.jpeg
105549984475833252,CRZA,Cruzeiro Academy,cruzeiro-academy,,,,academy,archived,1,http://static.lolesports.com/teams/cruzeiro_white.png
105549988405523871,FLA,Flamengo Academy,flamengo-academy,,,,academy,archived,2,http://static.lolesports.com/teams/1642954027627_Monograma_Branco-Vermelho.png
105549991104165282,FUR,FURIA Academy,furia-academy,,,,academy,active,0,http://static.lolesports.com/teams/FUR-FullonDark-7.png
105549993449477104,ITZ,INTZ Academy,intz-academy,,,,academy,archived,0,http://static.lolesports.com/teams/1643056777663_INTZ_Logo_Principal_20221.png
105549995617170853,KBM,KaBuM! Eports,kabum-esports,Circuito Desafiante,巴西赛区,BRAZIL,academy,active,5,http://static.lolesports.com/teams/1774199720854_kbm_c_w.png
105549997263803379,LLL,LOUD Academy,loud-academy,,,,academy,archived,0,http://static.lolesports.com/teams/LOUD-FullonDark-4.png
105549998884468136,PAIN,paiN Gaming Academy,pain-academy,Circuito Desafiante,巴西赛区,BRAZIL,academy,active,8,http://static.lolesports.com/teams/1774199812580_pain_w.png
105550001032913831,RED,RED Kalunga Academy,red-academy,Circuito Desafiante,巴西赛区,BRAZIL,academy,active,5,http://static.lolesports.com/teams/1642969030123_REDlogo_REDCanids-RGB-linhabranca1.png
105550003470349739,RNS,Rensga Academy,rensga-academy,,,,academy,archived,0,http://static.lolesports.com/teams/1642968400889_LogoRensgaEsports2.png
105550005698683818,LBR,Liberty Academy,liberty-academy,,,,academy,active,6,http://static.lolesports.com/teams/1643305747654_RXfNcFMU.png
105550024238752685,DNS,DNS Challengers,kwangdong-freecs-challengers,LCK Challengers,韩国赛区,KOREA,academy,active,12,http://static.lolesports.com/teams/1767340445199_DN_SOOPerslogo_profile.webp
105550026570060790,DK,DK Challengers,dwg-kia-challengers,LCK Challengers,韩国赛区,KOREA,academy,active,11,http://static.lolesports.com/teams/1673259409468_DPlusKIALOGO1.png
105550033967461806,KRX,KRX Challengers,drx-challengers,LCK Challengers,韩国赛区,KOREA,academy,active,11,http://static.lolesports.com/teams/1774247830795_horizontal_EN_Wh.png
105550036134585264,BRO,BRO Challengers,bro-challengers,LCK Challengers,韩国赛区,KOREA,academy,active,11,http://static.lolesports.com/teams/1716454310243_Nowyprojekt.png
105550042327365041,GGA,Gen.G Global Academy,gen-challengers,LCK Challengers,韩国赛区,KOREA,academy,active,11,http://static.lolesports.com/teams/1672911977540_GGA_2023ver_LOGO_GGA_simplyA_W1.png
105550047979361273,HLE,HLE Challengers,hle-challengers,LCK Challengers,韩国赛区,KOREA,academy,active,11,http://static.lolesports.com/teams/hle-2021-color-on-dark.png
105550049871017396,KT,kt Challengers,kt-challengers,LCK Challengers,韩国赛区,KOREA,academy,active,11,http://static.lolesports.com/teams/kt_darkbackground.png
105550051809743868,BFX,BNK FEARX Youth,fearx-youth,LCK Challengers,韩国赛区,KOREA,academy,active,13,http://static.lolesports.com/teams/1734691838858_BFXfullcolorfordarkbg.png
105550054006182911,NS,NS Challengers,ns-challengers,LCK Challengers,韩国赛区,KOREA,academy,active,11,http://static.lolesports.com/teams/NSFullonDark.png
105550059790656435,T1A,T1 Esports Academy,t1-challengers,LCK Challengers,韩国赛区,KOREA,academy,active,14,http://static.lolesports.com/teams/T1-FullonDark.png
106302593752767294,NMG,Miners Academy,netshoes-miners-academy,,,,academy,archived,0,http://static.lolesports.com/teams/1653399228994_miners_logo.png
106827765448944398,DFM,DFM Academy,dfm-academy,,,,academy,archived,0,http://static.lolesports.com/teams/1686804533828_dfm_logo_white.png
106827815539026710,RJ,RJ Academy,rj-academy,,,,academy,active,5,http://static.lolesports.com/teams/1630063098996_rj_512px.png
106827823550343961,AXZ,AXZ Academy,axz-academy,,,,academy,active,5,http://static.lolesports.com/teams/1630063222273_axz_512px.png
106827827857159558,V3,V3 Academy,v3-academy,,,,academy,active,4,http://static.lolesports.com/teams/1630063288304_v3_512px.png
106827832203113865,SHG,SHG Academy,shg-academy,,,,academy,active,4,http://static.lolesports.com/teams/1630063354653_shg_512px.png
106827839261303409,CGA,CGA  Academy,cga-academy,,,,academy,active,5,http://static.lolesports.com/teams/1686804488030_cga_logo.png
106827844148688268,SG,SG Academy,sg-academy,,,,academy,active,4,http://static.lolesports.com/teams/1686804429134_sg_logo.png
106827848618374543,BC,BC Academy,bc-academy,,,,academy,active,5,http://static.lolesports.com/teams/1630063604891_bc_512px.png
106857761435870473,SN,Supernova,supernova,NACL,北美赛区,NORTH AMERICA,academy,archived,0,http://static.lolesports.com/teams/1641603984263_SN.png
107067095500559682,ZRLA,Zerolag Academy,zerolag-academy,,,,academy,active,5,http://static.lolesports.com/teams/1633714223204_zrla.png
107157551094568043,EAC,Esport Academy ,esport-academy,Hitpoint Masters,EMEA赛区,EMEA,academy,active,1,http://static.lolesports.com/teams/1635094464398_placeholder.jpg
107445039953326581,TPAA,TP Adequat Academy,tp-adequat-academy,,,,academy,archived,2,http://static.lolesports.com/teams/1639481198267_Tony_Parker_Adequat_Academylogo_square.png
107456442720240082,XLA,XL Academy,xl-academy,NLC,EMEA赛区,EMEA,academy,active,0,http://static.lolesports.com/teams/1639655190810_XLlogo.png
107467803833323099,HRTS,Heretics Academy,team-heretics-sl,LES,EMEA赛区,EMEA,academy,active,7,http://static.lolesports.com/teams/1661502137823_LOGOHERETICSPNG.png
107564194061973851,MRSA,Movistar Riders Academy,movistar-riders-academy,,,,academy,active,6,http://static.lolesports.com/teams/1641299326248_5bd87bf57e646992372238.png
107580483738977500,WU,Winthrop University,winthrop-university,NACL,北美赛区,NORTH AMERICA,academy,active,10,http://static.lolesports.com/teams/1675157784150_WinthropUniversity.png
107598683861013570,BOC,Boca Juniors Gaming,boca-juniors-gaming,,,,academy,archived,0,http://static.lolesports.com/teams/1643794741844_BOCA-White.png
107603548241713732,BRR,Braves Rising,braves-rising,,,,academy,active,8,http://static.lolesports.com/teams/1642445708158_BRAVES-ColorLight.png
107648162279754621,ATEA,Atleta Esport Academy,atleta-esport-academy,,,,academy,active,6,http://static.lolesports.com/teams/1642580598357_Atleta_Esport_Academy_Logo-DarioRizzo.png
107648188777728906,OPA,Outplayed Academy,outplayed-academy,,,,academy,active,2,http://static.lolesports.com/teams/1642581003024_400_px_WHITE_foto_profilo_twitter-bernardinociucci.jpg
107693698190316895,ESB,eSuba Academy,esuba-academy,,,,academy,archived,0,http://static.lolesports.com/teams/1643275420324_1C9eN4w0.png
107693716050515316,DTG,Dark Tigers Academy,dark-tigers-academy,,,,academy,active,7,http://static.lolesports.com/teams/1643275690461_acKCtQWA.png
107693748373394826,ING,Inside Games Challengers,inside-games-challengers,,,,academy,active,0,http://static.lolesports.com/teams/1643276185290_MJYaG4ww.png
108203159356403647,KDF,Kwangdong Freecs Academy,kwangdong-freecs-academy,,,,academy,active,10,http://static.lolesports.com/teams/1651078749766_download71.png
108203161924300737,DRX,DRX Academy,drx-academy,,,,academy,active,5,http://static.lolesports.com/teams/1672910754120_01.Basic_W.png
108203164850614211,NS,NS REDFORCE Academy,ns-redforce-academy,,,,academy,active,8,http://static.lolesports.com/teams/1651079113888_download99.png
108203166973601408,LSB,Liiv SANDBOX Academy,liiv-sandbox-academy,,,,academy,active,7,http://static.lolesports.com/teams/1651079145972_download92.png
108203169709977541,BRO,BRO Academy,fredit-brion-academy,,,,academy,active,6,http://static.lolesports.com/teams/1672911283895_BRIONlogo_profile1.png
108203173414485265,HLE,HLE Academy,hle-academy,,,,academy,active,7,http://static.lolesports.com/teams/1651079240804_download82.png
109188706362375397,NIP,Ninjas in Pyjamas,ninjas-in-pyjamas,EMEA Masters,EMEA赛区,EMEA,academy,archived,1,http://static.lolesports.com/teams/1666087435973_Ninjas_in_Pyjamas_2021_darkmode.png
109198837450587673,KT,kt Rolster Academy,kt-rolster-academy,,,,academy,active,0,http://static.lolesports.com/teams/1666242049851_kt.png
109485335453835911,VKS,Vivo Keyd Stars Academy,vivo-keyd-stars-academy,Circuito Desafiante,巴西赛区,BRAZIL,academy,active,5,http://static.lolesports.com/teams/1774200249450_vks_c.png
109485342651298305,FX,Fluxo Academy,fluxo-academy,,,,academy,active,0,http://static.lolesports.com/teams/1670613746540_fluxo_escudo_w.png
109485351596724390,LOS,LOS Academy,los-academy,,,,academy,archived,0,http://static.lolesports.com/teams/1686087482910_logo_los_white_newest.png
109546466354141671,FLA,FLAMENGO Redragon,flamengo-mdl,Circuito Desafiante,巴西赛区,BRAZIL,academy,archived,0,http://static.lolesports.com/teams/1741770712987_LOGOFLAESPORTSCRFVERMELHA.png
109783170393931575,CNV,Conviction,conviction,NACL,北美赛区,NORTH AMERICA,academy,active,7,http://static.lolesports.com/teams/1675158238331_Conviction.png
109981647134921596,CCG,CCG Esports,ccg-esports,NACL,北美赛区,NORTH AMERICA,academy,active,5,http://static.lolesports.com/teams/1743818097778__CCGIcon_Main.png
110198931813931587,NRG,NRG Kia Challengers,nrg-challengers,LCS,北美赛区,NORTH AMERICA,academy,archived,0,http://static.lolesports.com/teams/1705722771692_NRGKiaWhite.png
110417404186665619,DR,Direct Rising eSports,acegaming,,,,academy,active,13,http://static.lolesports.com/teams/1685352320863_DRE_Logo_transparent.png
110506938087991033,FL,FL Academy,fl-academy,,,,academy,active,5,http://static.lolesports.com/teams/1686804574843_fl_logo_white.png
110534696811298545,AMI,Apex Mission Impossible,apex-mission-impossible,NACL,北美赛区,NORTH AMERICA,academy,archived,0,http://static.lolesports.com/teams/1742290724150_Apex_FullColor.png
110534712174898632,BLUE,Blue Otter,blue-otter,NACL,北美赛区,NORTH AMERICA,academy,active,6,http://static.lolesports.com/teams/1686625849125_BlueOtter.png
111856994428452321,TXV,Tropa XV Academy,tropa-xv,,,,academy,active,9,http://static.lolesports.com/teams/1706802281430_TROPAXV-BRANCO.png
112489375097659332,RISE,RISE Gaming,rise-gaming,Circuito Desafiante,巴西赛区,BRAZIL,academy,archived,0,http://static.lolesports.com/teams/1741771240015_2-IYVhiot.png
113865091813783262,ESBA,KIA.eSuba Academy,kiaesuba-academy,Hitpoint Masters,EMEA赛区,EMEA,academy,active,0,http://static.lolesports.com/teams/1737532289040_esuba_star_pos.png
113865957884494887,VLY,VARREL YOUTH,varrel-youth,LJL,日本赛区,JAPAN,academy,active,5,http://static.lolesports.com/teams/1737456632546_varrel_youtulogo.png
113871708167519028,DFMA,DFM Academy,detonation-focusme-academy,LJL,日本赛区,JAPAN,academy,active,6,http://static.lolesports.com/teams/1738334806335_dfm_full_color_onB.png
113951567467163111,PSGA,PSG TALON ACADEMY,talon-academy,PCS,台港澳赛区,"HONG KONG, MACAU, TAIWAN",academy,active,5,http://static.lolesports.com/teams/1753103726428_PSG_TALON_COLOR.png
113951569973088490,CFOA,CTBC Flying Oyster Academy,ctbc-flying-oyster-academy,PCS,台港澳赛区,"HONG KONG, MACAU, TAIWAN",academy,active,5,http://static.lolesports.com/teams/1738762962228_1000_CFOA-FlyingOyster.png
114058334177574653,LG,Luminosity Gaming,luminosity-gaming-lg,NACL,北美赛区,NORTH AMERICA,academy,active,4,http://static.lolesports.com/teams/1742289257527_LG-Eye-Color.png
114058336963271669,PLSE,Pulse Star,pulse-star,NACL,北美赛区,NORTH AMERICA,academy,active,0,http://static.lolesports.com/teams/1742289311914_LogoMainPinkFullColorLightDarkBG.png
114148623959237019,SCCP,Corinthians E-Sports,corinthians-esports,Circuito Desafiante,巴西赛区,BRAZIL,academy,archived,0,http://static.lolesports.com/teams/1741769767384_LogoFundoEscuro.png
114148673565223449,DPM,Dopamina E-Sport,dopamina-esport,Circuito Desafiante,巴西赛区,BRAZIL,academy,active,0,http://static.lolesports.com/teams/1741770527047_dopamina5.png
114148730209204377,A7,Alpha7,ratz,Circuito Desafiante,巴西赛区,BRAZIL,academy,archived,0,http://static.lolesports.com/teams/1752504768051_600px-A7_eSports_darkmode.png
114148748659161269,STE,Stellae Gaming,stellae-gaming,Circuito Desafiante,巴西赛区,BRAZIL,academy,archived,0,http://static.lolesports.com/teams/1741771669890_Logo-Stellae-PNG.png
114182731799181244,NRG,NRG,dark-zero,NACL,北美赛区,NORTH AMERICA,academy,active,8,http://static.lolesports.com/teams/1772618316826_NRGWHT.png
114182778276470872,NA,Near Airport,near-airport,NACL,北美赛区,NORTH AMERICA,academy,active,0,http://static.lolesports.com/teams/1742370676898_NearAirport-Logo-White.png
114194110230896602,LYON,Lyon Academy,lyon-gaming-academy,LRN,拉美北部赛区,LATIN AMERICA NORTH,academy,active,8,http://static.lolesports.com/teams/1771401158736_FULL_COLOR_FOR_DARK_BG-1.png
114262082429873654,MVKA,Saigon MVKE Academy,mvke-academy,VCS,越南赛区,VIETNAM,academy,active,11,http://static.lolesports.com/teams/1771230115237_Orange_Black_Logo.png
114746400783941300,CTG,Citadel Gaming,citadel-gaming,NACL,北美赛区,NORTH AMERICA,academy,archived,6,http://static.lolesports.com/teams/1750891104102_CitadelGaming.png
114746414556560778,JR,Jolly Rogers,jolly-rogers,NACL,北美赛区,NORTH AMERICA,academy,archived,0,http://static.lolesports.com/teams/1750891311560_JRPNGtransparent.png
114746424759893687,DOG,Dorado Gaming,dorado-gaming,NACL,北美赛区,NORTH AMERICA,academy,active,8,http://static.lolesports.com/teams/1750891473240_Dorado_Gaminglogo_square1.png
114846765479906613,VI,Vancouver Impact,vancouver-impact,NACL,北美赛区,NORTH AMERICA,academy,active,4,http://static.lolesports.com/teams/1752422565897_viplogo.png
114889961398783362,ECG,E-Champ Gaming,echamp-gaming,Circuito Desafiante,巴西赛区,BRAZIL,academy,archived,0,http://static.lolesports.com/teams/1753081701302_E-Champ-LogoOficialBranco.png
115535934714056977,VRBB,Vitality Rising Bees,vitality-rising-bees,,,,academy,archived,0,http://static.lolesports.com/teams/1762938487654_LOLESPORTSICON.png
115535937162557908,RST,Rising Stella,rising-stella,,,,academy,active,0,http://static.lolesports.com/teams/1762938525029_LOLESPORTSICON.png
115745554801028582,VRB,Vitality Rising Bees,vitality-rising-bees,La Ligue Française,EMEA赛区,EMEA,academy,active,5,http://static.lolesports.com/teams/1767950758330_CopyofRB_Logo_Yellow.png
116046732670043900,RGA,Rising Gaming,rising-gaming,LJL,日本赛区,JAPAN,academy,active,8,http://static.lolesports.com/teams/1771324524126_rsg_full_color_onW.png
116051206657744637,7REX,7REX Team,7rex-team,Circuito Desafiante,巴西赛区,BRAZIL,academy,active,5,http://static.lolesports.com/teams/1770800891074_logo-7rex-vetor.png
116051230771910011,RMD,RMD Gaming,rmd-gaming,Circuito Desafiante,巴西赛区,BRAZIL,academy,active,5,http://static.lolesports.com/teams/1774199461844_rdm_c.png
116051242073399654,NERD,Ei Nerd Esports,ei-nerd-esports,Circuito Desafiante,巴西赛区,BRAZIL,academy,active,6,http://static.lolesports.com/teams/1774199508230_nerd_w.png
116051268151231608,TSS,TEAM SOLID,team-solid,Circuito Desafiante,巴西赛区,BRAZIL,academy,active,5,http://static.lolesports.com/teams/1774199850391_solid_w.png
116432043586042764,GZA,GZ Academy,gz-academy,PCS,台港澳赛区,"HONG KONG, MACAU, TAIWAN",academy,active,7,http://static.lolesports.com/teams/1776611990170_PCS2026_TeamLogo_GZ.png
116877523535998364,CONT,Contingent Esports,contingent-esports,NACL,北美赛区,NORTH AMERICA,academy,active,7,http://static.lolesports.com/teams/1783409470164_Logo_v2.png
116877533371172278,OME,Ole Miss Esports,ole-miss-esports,NACL,北美赛区,NORTH AMERICA,academy,active,7,http://static.lolesports.com/teams/1783409623302_miss2.png
116877540282721669,CPD,Cupid Esports,cupid-esports,NACL,北美赛区,NORTH AMERICA,academy,active,5,http://static.lolesports.com/teams/1783409729340_logocupid.jpg
99566405123587075,CLG,CLG Challengers,clg-academy,,,,academy,active,1,http://static.lolesports.com/teams/1592590258668_CounterLogicGamingCLG-01-FullonDark.png
99566405124618295,TLC,Team Liquid Honda Challengers,tl-academy,,,,academy,active,0,http://static.lolesports.com/teams/1717424526172_TLXHONDALCSLockup_White.png
99566405125435312,OPTA,OpTic Gaming Academy,optic-gaming-academy,,,,academy,archived,5,https://lolstatic-a.akamaihd.net/esports-assets/production/team/optic-gaming-academy-dvbu9s1m.png
99566405126602853,FLYC,FlyQuest NZXT Challengers,fly-academy,,,,academy,active,2,http://static.lolesports.com/teams/1717424349486_FlyQuest_NZXT.png
99566405127798575,TSM,TSM Challengers,tsm-academy,,,,academy,active,1,http://static.lolesports.com/teams/1672824692454_White-Logo-Mark.png
99566405128626825,100,100 Thieves Challengers,100-academy,,,,academy,archived,0,http://static.lolesports.com/teams/1673449894046_100T_logo_color.png
99566405129589291,GG,Golden Guardians Challengers,gg-academy,,,,academy,active,2,http://static.lolesports.com/teams/1592590683855_GoldenGuardiansGGS-01-FullonDark.png
99566405130451785,C9,Cloud9 Challengers,c9-academy,,,,academy,active,1,http://static.lolesports.com/teams/1592590172107_Cloud9C9-01-FullonDark.png
99566405131343995,FOXA,Echo Fox Academy,echo-fox-academy,,,,academy,archived,5,https://lolstatic-a.akamaihd.net/esports-assets/production/team/echo-fox-academy-bs7h53vi.png
99566405132177721,CGAA,Clutch Gaming Academy,clutch-gaming-academy,,,,academy,archived,0,https://lolstatic-a.akamaihd.net/esports-assets/production/team/clutch-gaming-academy-3anqqx8b.png
99566406067082726,YC,BeykentUni YouthCREW,oyunforcrew,TCL,EMEA赛区,EMEA,academy,archived,2,https://lolstatic-a.akamaihd.net/esports-assets/production/team/oyunforcrew-5icrucc3.png
99566406070802758,RYL,Royal Youth,royal-bandits-e-sports,TCL,EMEA赛区,EMEA,academy,archived,1,https://lolstatic-a.akamaihd.net/esports-assets/production/team/royal-bandits-e-sports-hzvrfwi5.png
99566408217116828,INTZ,INTZ,intz,Circuito Desafiante,巴西赛区,BRAZIL,academy,active,5,http://static.lolesports.com/teams/1770801521472_LOGOINTZ2026COMESTRELAS.png
